Daily Mean data          supplied by UK-air on 2/12/2015,,,,,,,,,,,,,,,,,,,,,,,,,,,,,,,,,,,,,,,,,,,,,,,,,,,,,,,,,,,,,,
 All Data are GMT hour ending,,,,,,,,,,,,,,,,,,,,,,,,,,,,,,,,,,,,,,,,,,,,,,,,,,,,,,,,,,,,,,
Status: V=verified N=Not Verified S=Suspect,,,,,,,,,,,,,,,,,,,,,,,,,,,,,,,,,,,,,,,,,,,,,,,,,,,,,,,,,,,,,,
,London Bloomsbury,,Salford Eccles,,Stanford-le-Hope Roadside,,London Harlington,,London N. Kensington,,Lough Navar,,Middlesbrough,,London Marylebone Road,,Newcastle Centre,,Norwich Lakenfields,,Nottingham Centre,,Newport,,Oxford St Ebbes,,Narberth,,Plymouth Centre,,Portsmouth,,Port Talbot Margam,,Reading New Town,,Rochester Stoke,,Saltash Callington Road,,Scunthorpe Town,,Sandy Roadside,,Sheffield Devonshire Green,,Southwark A2 Old Kent Road,,Southampton Centre,,Stoke-on-Trent A50 Roadside,,Storrington Roadside,,Thurrock,,Warrington,,York Bootham,,York Fishergate,
Date,Volatile PM10 (Hourly measured),status/unit,Volatile PM10 (Hourly measured),status/unit,Volatile PM10 (Hourly measured),status/unit,Volatile PM10 (Hourly measured),status/unit,Volatile PM10 (Hourly measured),status/unit,Volatile PM10 (Hourly measured),status/unit,Volatile PM10 (Hourly measured),status/unit,Volatile PM10 (Hourly measured),status/unit,Volatile PM10 (Hourly measured),status/unit,Volatile PM10 (Hourly measured),status/unit,Volatile PM10 (Hourly measured),status/unit,Volatile PM10 (Hourly measured),status/unit,Volatile PM10 (Hourly measured),status/unit,Volatile PM10 (Hourly measured),status/unit,Volatile PM10 (Hourly measured),status/unit,Volatile PM10 (Hourly measured),status/unit,Volatile PM10 (Hourly measured),status/unit,Volatile PM10 (Hourly measured),status/unit,Volatile PM10 (Hourly measured),status/unit,Volatile PM10 (Hourly measured),status/unit,Volatile PM10 (Hourly measured),status/unit,Volatile PM10 (Hourly measured),status/unit,Volatile PM10 (Hourly measured),status/unit,Volatile PM10 (Hourly measured),status/unit,Volatile PM10 (Hourly measured),status/unit,Volatile PM10 (Hourly measured),status/unit,Volatile PM10 (Hourly measured),status/unit,Volatile PM10 (Hourly measured),status/unit,Volatile PM10 (Hourly measured),status/unit,Volatile PM10 (Hourly measured),status/unit,Volatile PM10 (Hourly measured),status/unit
,,,,,,,,,,,,,,,,,,,,,,,,,,,,,,,,,,,,,,,,,,,,,,,,,,,,,,,,,,,,,,
01/07/2015,, ,2,N ugm-3 (TEOM FDMS),7,N ugm-3 (TEOM FDMS),6,V ugm-3 (TEOM FDMS),4,N ugm-3 (TEOM FDMS),, ,4,N ugm-3 (TEOM FDMS),3,N ugm-3 (TEOM FDMS),, ,4,N ugm-3 (TEOM FDMS),5,N ugm-3 (TEOM FDMS),2,N ugm-3 (TEOM FDMS),2,N ugm-3 (TEOM FDMS),, ,3,N ugm-3 (TEOM FDMS),1,N ugm-3 (TEOM FDMS),3,N ugm-3 (TEOM FDMS),, ,, ,, ,4,N ugm-3 (TEOM FDMS),2,N ugm-3 (TEOM FDMS),5,N ugm-3 (TEOM FDMS),4,N ugm-3 (TEOM FDMS),1,N ugm-3 (TEOM FDMS),3,N ugm-3 (TEOM FDMS),, ,6,N ugm-3 (TEOM FDMS),, ,, ,, 
02/07/2015,, ,2,N ugm-3 (TEOM FDMS),5,N ugm-3 (TEOM FDMS),6,V ugm-3 (TEOM FDMS),4,N ugm-3 (TEOM FDMS),0,N ugm-3 (TEOM FDMS),3,N ugm-3 (TEOM FDMS),2,N ugm-3 (TEOM FDMS),, ,4,N ugm-3 (TEOM FDMS),3,N ugm-3 (TEOM FDMS),1,N ugm-3 (TEOM FDMS),2,N ugm-3 (TEOM FDMS),, ,2,N ugm-3 (TEOM FDMS),, ,2,N ugm-3 (TEOM FDMS),, ,, ,, ,2,N ugm-3 (TEOM FDMS),1,N ugm-3 (TEOM FDMS),4,N ugm-3 (TEOM FDMS),4,N ugm-3 (TEOM FDMS),3,N ugm-3 (TEOM FDMS),2,N ugm-3 (TEOM FDMS),, ,7,N ugm-3 (TEOM FDMS),, ,, ,, 
03/07/2015,, ,2,N ugm-3 (TEOM FDMS),5,N ugm-3 (TEOM FDMS),6,V ugm-3 (TEOM FDMS),4,N ugm-3 (TEOM FDMS),2,N ugm-3 (TEOM FDMS),3,N ugm-3 (TEOM FDMS),2,N ugm-3 (TEOM FDMS),, ,5,N ugm-3 (TEOM FDMS),4,N ugm-3 (TEOM FDMS),2,N ugm-3 (TEOM FDMS),2,N ugm-3 (TEOM FDMS),, ,4,N ugm-3 (TEOM FDMS),, ,3,N ugm-3 (TEOM FDMS),, ,4,N ugm-3 (TEOM FDMS),, ,3,N ugm-3 (TEOM FDMS),1,N ugm-3 (TEOM FDMS),4,N ugm-3 (TEOM FDMS),3,N ugm-3 (TEOM FDMS),2,N ugm-3 (TEOM FDMS),3,N ugm-3 (TEOM FDMS),, ,5,N ugm-3 (TEOM FDMS),4,N ugm-3 (TEOM FDMS),, ,, 
04/07/2015,, ,2,N ugm-3 (TEOM FDMS),7,N ugm-3 (TEOM FDMS),8,V ugm-3 (TEOM FDMS),7,N ugm-3 (TEOM FDMS),1,N ugm-3 (TEOM FDMS),4,N ugm-3 (TEOM FDMS),4,N ugm-3 (TEOM FDMS),, ,5,N ugm-3 (TEOM FDMS),4,N ugm-3 (TEOM FDMS),2,N ugm-3 (TEOM FDMS),2,N ugm-3 (TEOM FDMS),, ,4,N ugm-3 (TEOM FDMS),, ,2,N ugm-3 (TEOM FDMS),, ,4,N ugm-3 (TEOM FDMS),, ,3,N ugm-3 (TEOM FDMS),3,N ugm-3 (TEOM FDMS),5,N ugm-3 (TEOM FDMS),4,N ugm-3 (TEOM FDMS),3,N ugm-3 (TEOM FDMS),2,N ugm-3 (TEOM FDMS),, ,6,N ugm-3 (TEOM FDMS),3,N ugm-3 (TEOM FDMS),, ,, 
05/07/2015,, ,2,N ugm-3 (TEOM FDMS),4,N ugm-3 (TEOM FDMS),5,V ugm-3 (TEOM FDMS),4,N ugm-3 (TEOM FDMS),1,N ugm-3 (TEOM FDMS),3,N ugm-3 (TEOM FDMS),2,N ugm-3 (TEOM FDMS),, ,5,N ugm-3 (TEOM FDMS),3,N ugm-3 (TEOM FDMS),2,N ugm-3 (TEOM FDMS),2,N ugm-3 (TEOM FDMS),, ,4,N ugm-3 (TEOM FDMS),, ,3,N ugm-3 (TEOM FDMS),, ,3,N ugm-3 (TEOM FDMS),, ,2,N ugm-3 (TEOM FDMS),1,N ugm-3 (TEOM FDMS),3,N ugm-3 (TEOM FDMS),4,N ugm-3 (TEOM FDMS),2,N ugm-3 (TEOM FDMS),1,N ugm-3 (TEOM FDMS),, ,3,N ugm-3 (TEOM FDMS),3,N ugm-3 (TEOM FDMS),, ,, 
06/07/2015,, ,2,N ugm-3 (TEOM FDMS),3,N ugm-3 (TEOM FDMS),5,V ugm-3 (TEOM FDMS),4,N ugm-3 (TEOM FDMS),0,N ugm-3 (TEOM FDMS),3,N ugm-3 (TEOM FDMS),2,N ugm-3 (TEOM FDMS),, ,3,N ugm-3 (TEOM FDMS),3,N ugm-3 (TEOM FDMS),2,N ugm-3 (TEOM FDMS),2,N ugm-3 (TEOM FDMS),, ,4,N ugm-3 (TEOM FDMS),, ,4,N ugm-3 (TEOM FDMS),, ,4,N ugm-3 (TEOM FDMS),, ,, ,, ,4,N ugm-3 (TEOM FDMS),1,N ugm-3 (TEOM FDMS),2,N ugm-3 (TEOM FDMS),2,N ugm-3 (TEOM FDMS),, ,3,N ugm-3 (TEOM FDMS),3,N ugm-3 (TEOM FDMS),, ,, 
07/07/2015,, ,2,N ugm-3 (TEOM FDMS),3,N ugm-3 (TEOM FDMS),5,V ugm-3 (TEOM FDMS),4,N ugm-3 (TEOM FDMS),, ,4,N ugm-3 (TEOM FDMS),2,N ugm-3 (TEOM FDMS),, ,5,N ugm-3 (TEOM FDMS),3,N ugm-3 (TEOM FDMS),2,N ugm-3 (TEOM FDMS),2,N ugm-3 (TEOM FDMS),, ,4,N ugm-3 (TEOM FDMS),1,N ugm-3 (TEOM FDMS),3,N ugm-3 (TEOM FDMS),, ,2,N ugm-3 (TEOM FDMS),, ,, ,, ,4,N ugm-3 (TEOM FDMS),2,N ugm-3 (TEOM FDMS),2,N ugm-3 (TEOM FDMS),2,N ugm-3 (TEOM FDMS),, ,3,N ugm-3 (TEOM FDMS),3,N ugm-3 (TEOM FDMS),1,N ugm-3 (TEOM FDMS),2,N ugm-3 (TEOM FDMS)
08/07/2015,, ,0,N ugm-3 (TEOM FDMS),3,N ugm-3 (TEOM FDMS),4,V ugm-3 (TEOM FDMS),3,N ugm-3 (TEOM FDMS),, ,1,N ugm-3 (TEOM FDMS),0,N ugm-3 (TEOM FDMS),, ,2,N ugm-3 (TEOM FDMS),2,N ugm-3 (TEOM FDMS),1,N ugm-3 (TEOM FDMS),1,N ugm-3 (TEOM FDMS),, ,2,N ugm-3 (TEOM FDMS),0,N ugm-3 (TEOM FDMS),1,N ugm-3 (TEOM FDMS),, ,2,N ugm-3 (TEOM FDMS),, ,, ,, ,2,N ugm-3 (TEOM FDMS),1,N ugm-3 (TEOM FDMS),1,N ugm-3 (TEOM FDMS),1,N ugm-3 (TEOM FDMS),0,N ugm-3 (TEOM FDMS),2,N ugm-3 (TEOM FDMS),, ,0,N ugm-3 (TEOM FDMS),0,N ugm-3 (TEOM FDMS)
09/07/2015,, ,, ,2,N ugm-3 (TEOM FDMS),4,V ugm-3 (TEOM FDMS),2,N ugm-3 (TEOM FDMS),0,N ugm-3 (TEOM FDMS),2,N ugm-3 (TEOM FDMS),1,N ugm-3 (TEOM FDMS),, ,, ,2,N ugm-3 (TEOM FDMS),1,N ugm-3 (TEOM FDMS),2,N ugm-3 (TEOM FDMS),, ,3,N ugm-3 (TEOM FDMS),1,N ugm-3 (TEOM FDMS),3,N ugm-3 (TEOM FDMS),-1,N ugm-3 (TEOM FDMS),3,N ugm-3 (TEOM FDMS),, ,, ,, ,3,N ugm-3 (TEOM FDMS),1,N ugm-3 (TEOM FDMS),1,N ugm-3 (TEOM FDMS),1,N ugm-3 (TEOM FDMS),1,N ugm-3 (TEOM FDMS),2,N ugm-3 (TEOM FDMS),, ,1,N ugm-3 (TEOM FDMS),1,N ugm-3 (TEOM FDMS)
10/07/2015,, ,, ,4,N ugm-3 (TEOM FDMS),5,V ugm-3 (TEOM FDMS),3,N ugm-3 (TEOM FDMS),2,N ugm-3 (TEOM FDMS),3,N ugm-3 (TEOM FDMS),2,N ugm-3 (TEOM FDMS),, ,, ,4,N ugm-3 (TEOM FDMS),3,N ugm-3 (TEOM FDMS),3,N ugm-3 (TEOM FDMS),, ,4,N ugm-3 (TEOM FDMS),2,N ugm-3 (TEOM FDMS),3,N ugm-3 (TEOM FDMS),0,N ugm-3 (TEOM FDMS),3,N ugm-3 (TEOM FDMS),, ,, ,, ,4,N ugm-3 (TEOM FDMS),3,N ugm-3 (TEOM FDMS),2,N ugm-3 (TEOM FDMS),3,N ugm-3 (TEOM FDMS),2,N ugm-3 (TEOM FDMS),3,N ugm-3 (TEOM FDMS),, ,2,N ugm-3 (TEOM FDMS),3,N ugm-3 (TEOM FDMS)
11/07/2015,, ,, ,4,N ugm-3 (TEOM FDMS),4,V ugm-3 (TEOM FDMS),4,N ugm-3 (TEOM FDMS),0,N ugm-3 (TEOM FDMS),3,N ugm-3 (TEOM FDMS),1,N ugm-3 (TEOM FDMS),, ,, ,3,N ugm-3 (TEOM FDMS),2,N ugm-3 (TEOM FDMS),2,N ugm-3 (TEOM FDMS),, ,3,N ugm-3 (TEOM FDMS),1,N ugm-3 (TEOM FDMS),2,N ugm-3 (TEOM FDMS),-1,N ugm-3 (TEOM FDMS),4,N ugm-3 (TEOM FDMS),, ,2,N ugm-3 (TEOM FDMS),, ,3,N ugm-3 (TEOM FDMS),2,N ugm-3 (TEOM FDMS),1,N ugm-3 (TEOM FDMS),2,N ugm-3 (TEOM FDMS),2,N ugm-3 (TEOM FDMS),4,N ugm-3 (TEOM FDMS),, ,1,N ugm-3 (TEOM FDMS),2,N ugm-3 (TEOM FDMS)
12/07/2015,, ,, ,4,N ugm-3 (TEOM FDMS),5,V ugm-3 (TEOM FDMS),3,N ugm-3 (TEOM FDMS),0,N ugm-3 (TEOM FDMS),2,N ugm-3 (TEOM FDMS),1,N ugm-3 (TEOM FDMS),, ,, ,3,N ugm-3 (TEOM FDMS),2,N ugm-3 (TEOM FDMS),2,N ugm-3 (TEOM FDMS),, ,4,N ugm-3 (TEOM FDMS),1,N ugm-3 (TEOM FDMS),4,N ugm-3 (TEOM FDMS),0,N ugm-3 (TEOM FDMS),3,N ugm-3 (TEOM FDMS),, ,1,N ugm-3 (TEOM FDMS),, ,3,N ugm-3 (TEOM FDMS),2,N ugm-3 (TEOM FDMS),1,N ugm-3 (TEOM FDMS),2,N ugm-3 (TEOM FDMS),2,N ugm-3 (TEOM FDMS),3,N ugm-3 (TEOM FDMS),, ,1,N ugm-3 (TEOM FDMS),2,N ugm-3 (TEOM FDMS)
13/07/2015,, ,, ,4,N ugm-3 (TEOM FDMS),5,V ugm-3 (TEOM FDMS),4,N ugm-3 (TEOM FDMS),0,N ugm-3 (TEOM FDMS),3,N ugm-3 (TEOM FDMS),2,N ugm-3 (TEOM FDMS),, ,, ,3,N ugm-3 (TEOM FDMS),2,N ugm-3 (TEOM FDMS),2,N ugm-3 (TEOM FDMS),, ,3,N ugm-3 (TEOM FDMS),2,N ugm-3 (TEOM FDMS),4,N ugm-3 (TEOM FDMS),0,N ugm-3 (TEOM FDMS),3,N ugm-3 (TEOM FDMS),, ,2,N ugm-3 (TEOM FDMS),, ,3,N ugm-3 (TEOM FDMS),2,N ugm-3 (TEOM FDMS),2,N ugm-3 (TEOM FDMS),2,N ugm-3 (TEOM FDMS),3,N ugm-3 (TEOM FDMS),3,N ugm-3 (TEOM FDMS),, ,1,N ugm-3 (TEOM FDMS),2,N ugm-3 (TEOM FDMS)
14/07/2015,, ,1,N ugm-3 (TEOM FDMS),4,N ugm-3 (TEOM FDMS),5,V ugm-3 (TEOM FDMS),3,N ugm-3 (TEOM FDMS),0,N ugm-3 (TEOM FDMS),4,N ugm-3 (TEOM FDMS),, ,, ,2,N ugm-3 (TEOM FDMS),3,N ugm-3 (TEOM FDMS),2,N ugm-3 (TEOM FDMS),2,N ugm-3 (TEOM FDMS),, ,3,N ugm-3 (TEOM FDMS),1,N ugm-3 (TEOM FDMS),3,N ugm-3 (TEOM FDMS),0,N ugm-3 (TEOM FDMS),3,N ugm-3 (TEOM FDMS),3,N ugm-3 (TEOM FDMS),2,N ugm-3 (TEOM FDMS),, ,3,N ugm-3 (TEOM FDMS),2,N ugm-3 (TEOM FDMS),1,N ugm-3 (TEOM FDMS),3,N ugm-3 (TEOM FDMS),2,N ugm-3 (TEOM FDMS),3,N ugm-3 (TEOM FDMS),, ,2,N ugm-3 (TEOM FDMS),, 
15/07/2015,, ,1,N ugm-3 (TEOM FDMS),4,N ugm-3 (TEOM FDMS),5,V ugm-3 (TEOM FDMS),, ,1,N ugm-3 (TEOM FDMS),3,N ugm-3 (TEOM FDMS),, ,, ,4,N ugm-3 (TEOM FDMS),3,N ugm-3 (TEOM FDMS),2,N ugm-3 (TEOM FDMS),3,N ugm-3 (TEOM FDMS),, ,3,N ugm-3 (TEOM FDMS),1,N ugm-3 (TEOM FDMS),4,N ugm-3 (TEOM FDMS),0,N ugm-3 (TEOM FDMS),3,N ugm-3 (TEOM FDMS),3,N ugm-3 (TEOM FDMS),2,N ugm-3 (TEOM FDMS),, ,3,N ugm-3 (TEOM FDMS),4,N ugm-3 (TEOM FDMS),2,N ugm-3 (TEOM FDMS),2,N ugm-3 (TEOM FDMS),2,N ugm-3 (TEOM FDMS),3,N ugm-3 (TEOM FDMS),1,N ugm-3 (TEOM FDMS),1,N ugm-3 (TEOM FDMS),2,N ugm-3 (TEOM FDMS)
16/07/2015,, ,3,N ugm-3 (TEOM FDMS),5,N ugm-3 (TEOM FDMS),6,V ugm-3 (TEOM FDMS),, ,2,N ugm-3 (TEOM FDMS),4,N ugm-3 (TEOM FDMS),, ,, ,3,N ugm-3 (TEOM FDMS),4,N ugm-3 (TEOM FDMS),3,N ugm-3 (TEOM FDMS),3,N ugm-3 (TEOM FDMS),, ,5,N ugm-3 (TEOM FDMS),3,N ugm-3 (TEOM FDMS),4,N ugm-3 (TEOM FDMS),1,N ugm-3 (TEOM FDMS),4,N ugm-3 (TEOM FDMS),4,N ugm-3 (TEOM FDMS),3,N ugm-3 (TEOM FDMS),, ,4,N ugm-3 (TEOM FDMS),4,N ugm-3 (TEOM FDMS),2,N ugm-3 (TEOM FDMS),3,N ugm-3 (TEOM FDMS),3,N ugm-3 (TEOM FDMS),5,N ugm-3 (TEOM FDMS),3,N ugm-3 (TEOM FDMS),2,N ugm-3 (TEOM FDMS),3,N ugm-3 (TEOM FDMS)
17/07/2015,, ,2,N ugm-3 (TEOM FDMS),3,N ugm-3 (TEOM FDMS),5,V ugm-3 (TEOM FDMS),, ,0,N ugm-3 (TEOM FDMS),4,N ugm-3 (TEOM FDMS),2,N ugm-3 (TEOM FDMS),, ,3,N ugm-3 (TEOM FDMS),3,N ugm-3 (TEOM FDMS),2,N ugm-3 (TEOM FDMS),2,N ugm-3 (TEOM FDMS),, ,3,N ugm-3 (TEOM FDMS),2,N ugm-3 (TEOM FDMS),3,N ugm-3 (TEOM FDMS),1,N ugm-3 (TEOM FDMS),3,N ugm-3 (TEOM FDMS),3,N ugm-3 (TEOM FDMS),3,N ugm-3 (TEOM FDMS),, ,4,N ugm-3 (TEOM FDMS),2,N ugm-3 (TEOM FDMS),3,N ugm-3 (TEOM FDMS),2,N ugm-3 (TEOM FDMS),2,N ugm-3 (TEOM FDMS),3,N ugm-3 (TEOM FDMS),2,N ugm-3 (TEOM FDMS),2,N ugm-3 (TEOM FDMS),3,N ugm-3 (TEOM FDMS)
18/07/2015,, ,1,N ugm-3 (TEOM FDMS),3,N ugm-3 (TEOM FDMS),4,V ugm-3 (TEOM FDMS),2,N ugm-3 (TEOM FDMS),1,N ugm-3 (TEOM FDMS),2,N ugm-3 (TEOM FDMS),2,N ugm-3 (TEOM FDMS),, ,1,N ugm-3 (TEOM FDMS),2,N ugm-3 (TEOM FDMS),2,N ugm-3 (TEOM FDMS),2,N ugm-3 (TEOM FDMS),, ,3,N ugm-3 (TEOM FDMS),2,N ugm-3 (TEOM FDMS),4,N ugm-3 (TEOM FDMS),0,N ugm-3 (TEOM FDMS),3,N ugm-3 (TEOM FDMS),3,N ugm-3 (TEOM FDMS),1,N ugm-3 (TEOM FDMS),, ,3,N ugm-3 (TEOM FDMS),2,N ugm-3 (TEOM FDMS),2,N ugm-3 (TEOM FDMS),1,N ugm-3 (TEOM FDMS),2,N ugm-3 (TEOM FDMS),3,N ugm-3 (TEOM FDMS),2,N ugm-3 (TEOM FDMS),1,N ugm-3 (TEOM FDMS),2,N ugm-3 (TEOM FDMS)
19/07/2015,, ,1,N ugm-3 (TEOM FDMS),4,N ugm-3 (TEOM FDMS),4,V ugm-3 (TEOM FDMS),2,N ugm-3 (TEOM FDMS),1,N ugm-3 (TEOM FDMS),2,N ugm-3 (TEOM FDMS),2,N ugm-3 (TEOM FDMS),, ,2,N ugm-3 (TEOM FDMS),3,N ugm-3 (TEOM FDMS),2,N ugm-3 (TEOM FDMS),3,N ugm-3 (TEOM FDMS),, ,3,N ugm-3 (TEOM FDMS),1,N ugm-3 (TEOM FDMS),3,N ugm-3 (TEOM FDMS),0,N ugm-3 (TEOM FDMS),3,N ugm-3 (TEOM FDMS),3,N ugm-3 (TEOM FDMS),1,N ugm-3 (TEOM FDMS),, ,3,N ugm-3 (TEOM FDMS),2,N ugm-3 (TEOM FDMS),1,N ugm-3 (TEOM FDMS),1,N ugm-3 (TEOM FDMS),2,N ugm-3 (TEOM FDMS),2,N ugm-3 (TEOM FDMS),2,N ugm-3 (TEOM FDMS),1,N ugm-3 (TEOM FDMS),1,N ugm-3 (TEOM FDMS)
20/07/2015,, ,2,N ugm-3 (TEOM FDMS),3,N ugm-3 (TEOM FDMS),4,V ugm-3 (TEOM FDMS),2,N ugm-3 (TEOM FDMS),0,N ugm-3 (TEOM FDMS),3,N ugm-3 (TEOM FDMS),2,N ugm-3 (TEOM FDMS),, ,, ,, ,2,N ugm-3 (TEOM FDMS),1,N ugm-3 (TEOM FDMS),, ,3,N ugm-3 (TEOM FDMS),1,N ugm-3 (TEOM FDMS),2,N ugm-3 (TEOM FDMS),0,N ugm-3 (TEOM FDMS),, ,3,N ugm-3 (TEOM FDMS),2,N ugm-3 (TEOM FDMS),, ,4,N ugm-3 (TEOM FDMS),2,N ugm-3 (TEOM FDMS),1,N ugm-3 (TEOM FDMS),2,N ugm-3 (TEOM FDMS),2,N ugm-3 (TEOM FDMS),3,N ugm-3 (TEOM FDMS),2,N ugm-3 (TEOM FDMS),2,N ugm-3 (TEOM FDMS),2,N ugm-3 (TEOM FDMS)
21/07/2015,, ,1,N ugm-3 (TEOM FDMS),3,N ugm-3 (TEOM FDMS),4,V ugm-3 (TEOM FDMS),1,N ugm-3 (TEOM FDMS),0,N ugm-3 (TEOM FDMS),3,N ugm-3 (TEOM FDMS),1,N ugm-3 (TEOM FDMS),, ,, ,, ,2,N ugm-3 (TEOM FDMS),1,N ugm-3 (TEOM FDMS),, ,3,N ugm-3 (TEOM FDMS),2,N ugm-3 (TEOM FDMS),, ,-1,N ugm-3 (TEOM FDMS),, ,3,N ugm-3 (TEOM FDMS),1,N ugm-3 (TEOM FDMS),, ,, ,, ,2,N ugm-3 (TEOM FDMS),1,N ugm-3 (TEOM FDMS),2,N ugm-3 (TEOM FDMS),3,N ugm-3 (TEOM FDMS),2,N ugm-3 (TEOM FDMS),1,N ugm-3 (TEOM FDMS),2,N ugm-3 (TEOM FDMS)
22/07/2015,, ,1,N ugm-3 (TEOM FDMS),3,N ugm-3 (TEOM FDMS),, ,1,N ugm-3 (TEOM FDMS),0,N ugm-3 (TEOM FDMS),2,N ugm-3 (TEOM FDMS),1,N ugm-3 (TEOM FDMS),, ,0,N ugm-3 (TEOM FDMS),, ,2,N ugm-3 (TEOM FDMS),2,N ugm-3 (TEOM FDMS),, ,3,N ugm-3 (TEOM FDMS),2,N ugm-3 (TEOM FDMS),, ,0,N ugm-3 (TEOM FDMS),3,N ugm-3 (TEOM FDMS),3,N ugm-3 (TEOM FDMS),1,N ugm-3 (TEOM FDMS),, ,, ,, ,1,N ugm-3 (TEOM FDMS),2,N ugm-3 (TEOM FDMS),2,N ugm-3 (TEOM FDMS),3,N ugm-3 (TEOM FDMS),2,N ugm-3 (TEOM FDMS),0,N ugm-3 (TEOM FDMS),2,N ugm-3 (TEOM FDMS)
23/07/2015,, ,2,N ugm-3 (TEOM FDMS),3,N ugm-3 (TEOM FDMS),, ,, ,1,N ugm-3 (TEOM FDMS),2,N ugm-3 (TEOM FDMS),1,N ugm-3 (TEOM FDMS),, ,2,N ugm-3 (TEOM FDMS),, ,, ,, ,, ,3,N ugm-3 (TEOM FDMS),2,N ugm-3 (TEOM FDMS),, ,0,N ugm-3 (TEOM FDMS),2,N ugm-3 (TEOM FDMS),3,N ugm-3 (TEOM FDMS),1,N ugm-3 (TEOM FDMS),0,N ugm-3 (TEOM FDMS),, ,, ,1,N ugm-3 (TEOM FDMS),2,N ugm-3 (TEOM FDMS),1,N ugm-3 (TEOM FDMS),3,N ugm-3 (TEOM FDMS),2,N ugm-3 (TEOM FDMS),1,N ugm-3 (TEOM FDMS),2,N ugm-3 (TEOM FDMS)
24/07/2015,, ,2,N ugm-3 (TEOM FDMS),3,N ugm-3 (TEOM FDMS),, ,2,N ugm-3 (TEOM FDMS),1,N ugm-3 (TEOM FDMS),3,N ugm-3 (TEOM FDMS),2,N ugm-3 (TEOM FDMS),, ,2,N ugm-3 (TEOM FDMS),, ,, ,, ,1,N ugm-3 (TEOM FDMS),3,N ugm-3 (TEOM FDMS),3,N ugm-3 (TEOM FDMS),, ,1,N ugm-3 (TEOM FDMS),4,N ugm-3 (TEOM FDMS),3,N ugm-3 (TEOM FDMS),2,N ugm-3 (TEOM FDMS),0,N ugm-3 (TEOM FDMS),, ,, ,2,N ugm-3 (TEOM FDMS),3,N ugm-3 (TEOM FDMS),4,N ugm-3 (TEOM FDMS),4,N ugm-3 (TEOM FDMS),2,N ugm-3 (TEOM FDMS),1,N ugm-3 (TEOM FDMS),2,N ugm-3 (TEOM FDMS)
25/07/2015,, ,2,N ugm-3 (TEOM FDMS),1,N ugm-3 (TEOM FDMS),, ,1,N ugm-3 (TEOM FDMS),1,N ugm-3 (TEOM FDMS),2,N ugm-3 (TEOM FDMS),0,N ugm-3 (TEOM FDMS),, ,0,N ugm-3 (TEOM FDMS),, ,, ,, ,1,N ugm-3 (TEOM FDMS),3,N ugm-3 (TEOM FDMS),1,N ugm-3 (TEOM FDMS),1,N ugm-3 (TEOM FDMS),0,N ugm-3 (TEOM FDMS),2,N ugm-3 (TEOM FDMS),3,N ugm-3 (TEOM FDMS),1,N ugm-3 (TEOM FDMS),0,N ugm-3 (TEOM FDMS),4,N ugm-3 (TEOM FDMS),1,N ugm-3 (TEOM FDMS),2,N ugm-3 (TEOM FDMS),3,N ugm-3 (TEOM FDMS),1,N ugm-3 (TEOM FDMS),3,N ugm-3 (TEOM FDMS),2,N ugm-3 (TEOM FDMS),1,N ugm-3 (TEOM FDMS),2,N ugm-3 (TEOM FDMS)
26/07/2015,, ,3,N ugm-3 (TEOM FDMS),3,N ugm-3 (TEOM FDMS),, ,3,N ugm-3 (TEOM FDMS),1,N ugm-3 (TEOM FDMS),4,N ugm-3 (TEOM FDMS),3,N ugm-3 (TEOM FDMS),, ,2,N ugm-3 (TEOM FDMS),, ,, ,, ,2,N ugm-3 (TEOM FDMS),4,N ugm-3 (TEOM FDMS),3,N ugm-3 (TEOM FDMS),3,N ugm-3 (TEOM FDMS),1,N ugm-3 (TEOM FDMS),4,N ugm-3 (TEOM FDMS),4,N ugm-3 (TEOM FDMS),3,N ugm-3 (TEOM FDMS),2,N ugm-3 (TEOM FDMS),4,N ugm-3 (TEOM FDMS),3,N ugm-3 (TEOM FDMS),2,N ugm-3 (TEOM FDMS),3,N ugm-3 (TEOM FDMS),2,N ugm-3 (TEOM FDMS),4,N ugm-3 (TEOM FDMS),3,N ugm-3 (TEOM FDMS),3,N ugm-3 (TEOM FDMS),3,N ugm-3 (TEOM FDMS)
27/07/2015,, ,2,N ugm-3 (TEOM FDMS),1,N ugm-3 (TEOM FDMS),, ,1,N ugm-3 (TEOM FDMS),0,N ugm-3 (TEOM FDMS),3,N ugm-3 (TEOM FDMS),1,N ugm-3 (TEOM FDMS),, ,1,N ugm-3 (TEOM FDMS),, ,, ,, ,0,N ugm-3 (TEOM FDMS),2,N ugm-3 (TEOM FDMS),2,N ugm-3 (TEOM FDMS),1,N ugm-3 (TEOM FDMS),-1,N ugm-3 (TEOM FDMS),2,N ugm-3 (TEOM FDMS),2,N ugm-3 (TEOM FDMS),2,N ugm-3 (TEOM FDMS),0,N ugm-3 (TEOM FDMS),3,N ugm-3 (TEOM FDMS),1,N ugm-3 (TEOM FDMS),2,N ugm-3 (TEOM FDMS),1,N ugm-3 (TEOM FDMS),1,N ugm-3 (TEOM FDMS),2,N ugm-3 (TEOM FDMS),2,N ugm-3 (TEOM FDMS),1,N ugm-3 (TEOM FDMS),2,N ugm-3 (TEOM FDMS)
28/07/2015,, ,1,N ugm-3 (TEOM FDMS),1,N ugm-3 (TEOM FDMS),, ,1,N ugm-3 (TEOM FDMS),0,N ugm-3 (TEOM FDMS),2,N ugm-3 (TEOM FDMS),1,N ugm-3 (TEOM FDMS),, ,0,N ugm-3 (TEOM FDMS),, ,, ,, ,1,N ugm-3 (TEOM FDMS),3,N ugm-3 (TEOM FDMS),2,N ugm-3 (TEOM FDMS),1,N ugm-3 (TEOM FDMS),-1,N ugm-3 (TEOM FDMS),2,N ugm-3 (TEOM FDMS),2,N ugm-3 (TEOM FDMS),1,N ugm-3 (TEOM FDMS),0,N ugm-3 (TEOM FDMS),2,N ugm-3 (TEOM FDMS),1,N ugm-3 (TEOM FDMS),2,N ugm-3 (TEOM FDMS),1,N ugm-3 (TEOM FDMS),1,N ugm-3 (TEOM FDMS),2,N ugm-3 (TEOM FDMS),2,N ugm-3 (TEOM FDMS),0,N ugm-3 (TEOM FDMS),2,N ugm-3 (TEOM FDMS)
29/07/2015,, ,1,N ugm-3 (TEOM FDMS),1,N ugm-3 (TEOM FDMS),, ,2,N ugm-3 (TEOM FDMS),-1,N ugm-3 (TEOM FDMS),2,N ugm-3 (TEOM FDMS),1,N ugm-3 (TEOM FDMS),, ,0,N ugm-3 (TEOM FDMS),, ,, ,0,N ugm-3 (TEOM FDMS),1,N ugm-3 (TEOM FDMS),2,N ugm-3 (TEOM FDMS),1,N ugm-3 (TEOM FDMS),1,N ugm-3 (TEOM FDMS),-1,N ugm-3 (TEOM FDMS),1,N ugm-3 (TEOM FDMS),2,N ugm-3 (TEOM FDMS),1,N ugm-3 (TEOM FDMS),0,N ugm-3 (TEOM FDMS),2,N ugm-3 (TEOM FDMS),1,N ugm-3 (TEOM FDMS),0,N ugm-3 (TEOM FDMS),, ,1,N ugm-3 (TEOM FDMS),2,N ugm-3 (TEOM FDMS),1,N ugm-3 (TEOM FDMS),0,N ugm-3 (TEOM FDMS),1,N ugm-3 (TEOM FDMS)
30/07/2015,, ,1,N ugm-3 (TEOM FDMS),1,N ugm-3 (TEOM FDMS),, ,2,N ugm-3 (TEOM FDMS),0,N ugm-3 (TEOM FDMS),3,N ugm-3 (TEOM FDMS),1,N ugm-3 (TEOM FDMS),, ,0,N ugm-3 (TEOM FDMS),, ,, ,0,N ugm-3 (TEOM FDMS),1,N ugm-3 (TEOM FDMS),3,N ugm-3 (TEOM FDMS),1,N ugm-3 (TEOM FDMS),1,N ugm-3 (TEOM FDMS),-1,N ugm-3 (TEOM FDMS),2,N ugm-3 (TEOM FDMS),2,N ugm-3 (TEOM FDMS),1,N ugm-3 (TEOM FDMS),0,N ugm-3 (TEOM FDMS),2,N ugm-3 (TEOM FDMS),0,N ugm-3 (TEOM FDMS),1,N ugm-3 (TEOM FDMS),, ,1,N ugm-3 (TEOM FDMS),2,N ugm-3 (TEOM FDMS),1,N ugm-3 (TEOM FDMS),1,N ugm-3 (TEOM FDMS),2,N ugm-3 (TEOM FDMS)
31/07/2015,, ,2,N ugm-3 (TEOM FDMS),3,N ugm-3 (TEOM FDMS),, ,3,N ugm-3 (TEOM FDMS),1,N ugm-3 (TEOM FDMS),3,N ugm-3 (TEOM FDMS),2,N ugm-3 (TEOM FDMS),, ,2,N ugm-3 (TEOM FDMS),, ,, ,1,N ugm-3 (TEOM FDMS),2,N ugm-3 (TEOM FDMS),3,N ugm-3 (TEOM FDMS),1,N ugm-3 (TEOM FDMS),2,N ugm-3 (TEOM FDMS),0,N ugm-3 (TEOM FDMS),3,N ugm-3 (TEOM FDMS),3,N ugm-3 (TEOM FDMS),2,N ugm-3 (TEOM FDMS),0,N ugm-3 (TEOM FDMS),3,N ugm-3 (TEOM FDMS),2,N ugm-3 (TEOM FDMS),2,N ugm-3 (TEOM FDMS),, ,1,N ugm-3 (TEOM FDMS),3,N ugm-3 (TEOM FDMS),2,N ugm-3 (TEOM FDMS),2,N ugm-3 (TEOM FDMS),3,N ugm-3 (TEOM FDMS)
01/08/2015,, ,2,N ugm-3 (TEOM FDMS),2,N ugm-3 (TEOM FDMS),, ,2,N ugm-3 (TEOM FDMS),0,N ugm-3 (TEOM FDMS),2,N ugm-3 (TEOM FDMS),1,N ugm-3 (TEOM FDMS),, ,2,N ugm-3 (TEOM FDMS),0,N ugm-3 (TEOM FDMS),1,N ugm-3 (TEOM FDMS),0,N ugm-3 (TEOM FDMS),1,N ugm-3 (TEOM FDMS),3,N ugm-3 (TEOM FDMS),1,N ugm-3 (TEOM FDMS),1,N ugm-3 (TEOM FDMS),-1,N ugm-3 (TEOM FDMS),3,N ugm-3 (TEOM FDMS),3,N ugm-3 (TEOM FDMS),2,N ugm-3 (TEOM FDMS),0,N ugm-3 (TEOM FDMS),2,N ugm-3 (TEOM FDMS),1,N ugm-3 (TEOM FDMS),1,N ugm-3 (TEOM FDMS),, ,1,N ugm-3 (TEOM FDMS),3,N ugm-3 (TEOM FDMS),1,N ugm-3 (TEOM FDMS),1,N ugm-3 (TEOM FDMS),2,N ugm-3 (TEOM FDMS)
02/08/2015,, ,2,N ugm-3 (TEOM FDMS),3,N ugm-3 (TEOM FDMS),, ,3,N ugm-3 (TEOM FDMS),2,N ugm-3 (TEOM FDMS),3,N ugm-3 (TEOM FDMS),2,N ugm-3 (TEOM FDMS),, ,2,N ugm-3 (TEOM FDMS),1,N ugm-3 (TEOM FDMS),2,N ugm-3 (TEOM FDMS),1,N ugm-3 (TEOM FDMS),2,N ugm-3 (TEOM FDMS),4,N ugm-3 (TEOM FDMS),2,N ugm-3 (TEOM FDMS),3,N ugm-3 (TEOM FDMS),1,N ugm-3 (TEOM FDMS),3,N ugm-3 (TEOM FDMS),4,N ugm-3 (TEOM FDMS),2,N ugm-3 (TEOM FDMS),1,N ugm-3 (TEOM FDMS),3,N ugm-3 (TEOM FDMS),2,N ugm-3 (TEOM FDMS),2,N ugm-3 (TEOM FDMS),, ,2,N ugm-3 (TEOM FDMS),3,N ugm-3 (TEOM FDMS),2,N ugm-3 (TEOM FDMS),2,N ugm-3 (TEOM FDMS),3,N ugm-3 (TEOM FDMS)
03/08/2015,, ,1,N ugm-3 (TEOM FDMS),3,N ugm-3 (TEOM FDMS),, ,3,N ugm-3 (TEOM FDMS),1,N ugm-3 (TEOM FDMS),4,N ugm-3 (TEOM FDMS),2,N ugm-3 (TEOM FDMS),, ,3,N ugm-3 (TEOM FDMS),1,N ugm-3 (TEOM FDMS),1,N ugm-3 (TEOM FDMS),0,N ugm-3 (TEOM FDMS),2,N ugm-3 (TEOM FDMS),3,N ugm-3 (TEOM FDMS),2,N ugm-3 (TEOM FDMS),1,N ugm-3 (TEOM FDMS),0,N ugm-3 (TEOM FDMS),, ,4,N ugm-3 (TEOM FDMS),2,N ugm-3 (TEOM FDMS),1,N ugm-3 (TEOM FDMS),3,N ugm-3 (TEOM FDMS),2,N ugm-3 (TEOM FDMS),2,N ugm-3 (TEOM FDMS),, ,2,N ugm-3 (TEOM FDMS),4,N ugm-3 (TEOM FDMS),2,N ugm-3 (TEOM FDMS),2,N ugm-3 (TEOM FDMS),3,N ugm-3 (TEOM FDMS)
04/08/2015,, ,0,N ugm-3 (TEOM FDMS),, ,, ,2,N ugm-3 (TEOM FDMS),-1,N ugm-3 (TEOM FDMS),, ,2,N ugm-3 (TEOM FDMS),, ,1,N ugm-3 (TEOM FDMS),1,N ugm-3 (TEOM FDMS),1,N ugm-3 (TEOM FDMS),-1,N ugm-3 (TEOM FDMS),1,N ugm-3 (TEOM FDMS),3,N ugm-3 (TEOM FDMS),2,N ugm-3 (TEOM FDMS),2,N ugm-3 (TEOM FDMS),0,N ugm-3 (TEOM FDMS),, ,3,N ugm-3 (TEOM FDMS),1,N ugm-3 (TEOM FDMS),1,N ugm-3 (TEOM FDMS),3,N ugm-3 (TEOM FDMS),3,N ugm-3 (TEOM FDMS),2,N ugm-3 (TEOM FDMS),0,N ugm-3 (TEOM FDMS),2,N ugm-3 (TEOM FDMS),, ,1,N ugm-3 (TEOM FDMS),1,N ugm-3 (TEOM FDMS),2,N ugm-3 (TEOM FDMS)
05/08/2015,, ,1,N ugm-3 (TEOM FDMS),, ,, ,3,N ugm-3 (TEOM FDMS),1,N ugm-3 (TEOM FDMS),, ,2,N ugm-3 (TEOM FDMS),, ,2,N ugm-3 (TEOM FDMS),1,N ugm-3 (TEOM FDMS),2,N ugm-3 (TEOM FDMS),0,N ugm-3 (TEOM FDMS),2,N ugm-3 (TEOM FDMS),4,N ugm-3 (TEOM FDMS),3,N ugm-3 (TEOM FDMS),, ,0,N ugm-3 (TEOM FDMS),, ,4,N ugm-3 (TEOM FDMS),2,N ugm-3 (TEOM FDMS),, ,3,N ugm-3 (TEOM FDMS),2,N ugm-3 (TEOM FDMS),2,N ugm-3 (TEOM FDMS),1,N ugm-3 (TEOM FDMS),3,N ugm-3 (TEOM FDMS),, ,2,N ugm-3 (TEOM FDMS),1,N ugm-3 (TEOM FDMS),3,N ugm-3 (TEOM FDMS)
06/08/2015,, ,, ,, ,, ,2,N ugm-3 (TEOM FDMS),0,N ugm-3 (TEOM FDMS),, ,1,N ugm-3 (TEOM FDMS),, ,2,N ugm-3 (TEOM FDMS),1,N ugm-3 (TEOM FDMS),1,N ugm-3 (TEOM FDMS),0,N ugm-3 (TEOM FDMS),1,N ugm-3 (TEOM FDMS),3,N ugm-3 (TEOM FDMS),2,N ugm-3 (TEOM FDMS),, ,0,N ugm-3 (TEOM FDMS),, ,4,N ugm-3 (TEOM FDMS),2,N ugm-3 (TEOM FDMS),, ,3,N ugm-3 (TEOM FDMS),1,N ugm-3 (TEOM FDMS),1,N ugm-3 (TEOM FDMS),1,N ugm-3 (TEOM FDMS),3,N ugm-3 (TEOM FDMS),, ,1,N ugm-3 (TEOM FDMS),1,N ugm-3 (TEOM FDMS),2,N ugm-3 (TEOM FDMS)
07/08/2015,2,N ugm-3 (TEOM FDMS),, ,3,N ugm-3 (TEOM FDMS),, ,2,N ugm-3 (TEOM FDMS),0,N ugm-3 (TEOM FDMS),, ,2,N ugm-3 (TEOM FDMS),, ,1,N ugm-3 (TEOM FDMS),1,N ugm-3 (TEOM FDMS),1,N ugm-3 (TEOM FDMS),1,N ugm-3 (TEOM FDMS),1,N ugm-3 (TEOM FDMS),3,N ugm-3 (TEOM FDMS),2,N ugm-3 (TEOM FDMS),1,N ugm-3 (TEOM FDMS),0,N ugm-3 (TEOM FDMS),2,N ugm-3 (TEOM FDMS),3,N ugm-3 (TEOM FDMS),1,N ugm-3 (TEOM FDMS),, ,2,N ugm-3 (TEOM FDMS),3,N ugm-3 (TEOM FDMS),-1,N ugm-3 (TEOM FDMS),1,N ugm-3 (TEOM FDMS),1,N ugm-3 (TEOM FDMS),, ,2,N ugm-3 (TEOM FDMS),1,N ugm-3 (TEOM FDMS),2,N ugm-3 (TEOM FDMS)
08/08/2015,3,N ugm-3 (TEOM FDMS),, ,3,N ugm-3 (TEOM FDMS),, ,3,N ugm-3 (TEOM FDMS),1,N ugm-3 (TEOM FDMS),3,N ugm-3 (TEOM FDMS),2,N ugm-3 (TEOM FDMS),, ,2,N ugm-3 (TEOM FDMS),2,N ugm-3 (TEOM FDMS),2,N ugm-3 (TEOM FDMS),2,N ugm-3 (TEOM FDMS),2,N ugm-3 (TEOM FDMS),3,N ugm-3 (TEOM FDMS),3,N ugm-3 (TEOM FDMS),1,N ugm-3 (TEOM FDMS),1,N ugm-3 (TEOM FDMS),3,N ugm-3 (TEOM FDMS),3,N ugm-3 (TEOM FDMS),2,N ugm-3 (TEOM FDMS),, ,4,N ugm-3 (TEOM FDMS),4,N ugm-3 (TEOM FDMS),1,N ugm-3 (TEOM FDMS),2,N ugm-3 (TEOM FDMS),4,N ugm-3 (TEOM FDMS),3,N ugm-3 (TEOM FDMS),2,N ugm-3 (TEOM FDMS),2,N ugm-3 (TEOM FDMS),3,N ugm-3 (TEOM FDMS)
09/08/2015,3,N ugm-3 (TEOM FDMS),, ,3,N ugm-3 (TEOM FDMS),, ,3,N ugm-3 (TEOM FDMS),1,N ugm-3 (TEOM FDMS),2,N ugm-3 (TEOM FDMS),2,N ugm-3 (TEOM FDMS),, ,2,N ugm-3 (TEOM FDMS),1,N ugm-3 (TEOM FDMS),2,N ugm-3 (TEOM FDMS),2,N ugm-3 (TEOM FDMS),2,N ugm-3 (TEOM FDMS),3,N ugm-3 (TEOM FDMS),3,N ugm-3 (TEOM FDMS),1,N ugm-3 (TEOM FDMS),0,N ugm-3 (TEOM FDMS),2,N ugm-3 (TEOM FDMS),4,N ugm-3 (TEOM FDMS),2,N ugm-3 (TEOM FDMS),, ,3,N ugm-3 (TEOM FDMS),4,N ugm-3 (TEOM FDMS),0,N ugm-3 (TEOM FDMS),1,N ugm-3 (TEOM FDMS),3,N ugm-3 (TEOM FDMS),3,N ugm-3 (TEOM FDMS),2,N ugm-3 (TEOM FDMS),2,N ugm-3 (TEOM FDMS),3,N ugm-3 (TEOM FDMS)
10/08/2015,3,N ugm-3 (TEOM FDMS),, ,2,N ugm-3 (TEOM FDMS),, ,2,N ugm-3 (TEOM FDMS),0,N ugm-3 (TEOM FDMS),2,N ugm-3 (TEOM FDMS),2,N ugm-3 (TEOM FDMS),, ,2,N ugm-3 (TEOM FDMS),, ,1,N ugm-3 (TEOM FDMS),1,N ugm-3 (TEOM FDMS),1,N ugm-3 (TEOM FDMS),3,N ugm-3 (TEOM FDMS),3,N ugm-3 (TEOM FDMS),2,N ugm-3 (TEOM FDMS),0,N ugm-3 (TEOM FDMS),2,N ugm-3 (TEOM FDMS),4,N ugm-3 (TEOM FDMS),2,N ugm-3 (TEOM FDMS),, ,3,N ugm-3 (TEOM FDMS),2,N ugm-3 (TEOM FDMS),0,N ugm-3 (TEOM FDMS),1,N ugm-3 (TEOM FDMS),3,N ugm-3 (TEOM FDMS),3,N ugm-3 (TEOM FDMS),1,N ugm-3 (TEOM FDMS),2,N ugm-3 (TEOM FDMS),2,N ugm-3 (TEOM FDMS)
11/08/2015,2,N ugm-3 (TEOM FDMS),0,N ugm-3 (TEOM FDMS),2,N ugm-3 (TEOM FDMS),1,V ugm-3 (TEOM FDMS),2,N ugm-3 (TEOM FDMS),0,N ugm-3 (TEOM FDMS),2,N ugm-3 (TEOM FDMS),2,N ugm-3 (TEOM FDMS),, ,1,N ugm-3 (TEOM FDMS),, ,2,N ugm-3 (TEOM FDMS),1,N ugm-3 (TEOM FDMS),1,N ugm-3 (TEOM FDMS),3,N ugm-3 (TEOM FDMS),2,N ugm-3 (TEOM FDMS),1,N ugm-3 (TEOM FDMS),0,N ugm-3 (TEOM FDMS),2,N ugm-3 (TEOM FDMS),3,N ugm-3 (TEOM FDMS),1,N ugm-3 (TEOM FDMS),, ,2,N ugm-3 (TEOM FDMS),2,N ugm-3 (TEOM FDMS),-1,N ugm-3 (TEOM FDMS),1,N ugm-3 (TEOM FDMS),3,N ugm-3 (TEOM FDMS),2,N ugm-3 (TEOM FDMS),1,N ugm-3 (TEOM FDMS),1,N ugm-3 (TEOM FDMS),1,N ugm-3 (TEOM FDMS)
12/08/2015,3,N ugm-3 (TEOM FDMS),2,N ugm-3 (TEOM FDMS),3,N ugm-3 (TEOM FDMS),1,V ugm-3 (TEOM FDMS),3,N ugm-3 (TEOM FDMS),1,N ugm-3 (TEOM FDMS),3,N ugm-3 (TEOM FDMS),2,N ugm-3 (TEOM FDMS),, ,2,N ugm-3 (TEOM FDMS),, ,3,N ugm-3 (TEOM FDMS),2,N ugm-3 (TEOM FDMS),2,N ugm-3 (TEOM FDMS),4,N ugm-3 (TEOM FDMS),4,N ugm-3 (TEOM FDMS),2,N ugm-3 (TEOM FDMS),0,N ugm-3 (TEOM FDMS),3,N ugm-3 (TEOM FDMS),4,N ugm-3 (TEOM FDMS),3,N ugm-3 (TEOM FDMS),, ,3,N ugm-3 (TEOM FDMS),2,N ugm-3 (TEOM FDMS),1,N ugm-3 (TEOM FDMS),2,N ugm-3 (TEOM FDMS),4,N ugm-3 (TEOM FDMS),3,N ugm-3 (TEOM FDMS),2,N ugm-3 (TEOM FDMS),2,N ugm-3 (TEOM FDMS),3,N ugm-3 (TEOM FDMS)
13/08/2015,6,N ugm-3 (TEOM FDMS),2,N ugm-3 (TEOM FDMS),6,N ugm-3 (TEOM FDMS),3,V ugm-3 (TEOM FDMS),5,N ugm-3 (TEOM FDMS),1,N ugm-3 (TEOM FDMS),3,N ugm-3 (TEOM FDMS),5,N ugm-3 (TEOM FDMS),, ,4,N ugm-3 (TEOM FDMS),, ,4,N ugm-3 (TEOM FDMS),4,N ugm-3 (TEOM FDMS),4,N ugm-3 (TEOM FDMS),6,N ugm-3 (TEOM FDMS),5,N ugm-3 (TEOM FDMS),4,N ugm-3 (TEOM FDMS),2,N ugm-3 (TEOM FDMS),6,N ugm-3 (TEOM FDMS),8,N ugm-3 (TEOM FDMS),4,N ugm-3 (TEOM FDMS),, ,5,N ugm-3 (TEOM FDMS),6,N ugm-3 (TEOM FDMS),3,N ugm-3 (TEOM FDMS),3,N ugm-3 (TEOM FDMS),7,N ugm-3 (TEOM FDMS),6,N ugm-3 (TEOM FDMS),3,N ugm-3 (TEOM FDMS),3,N ugm-3 (TEOM FDMS),4,N ugm-3 (TEOM FDMS)
14/08/2015,7,N ugm-3 (TEOM FDMS),1,N ugm-3 (TEOM FDMS),6,N ugm-3 (TEOM FDMS),4,V ugm-3 (TEOM FDMS),7,N ugm-3 (TEOM FDMS),1,N ugm-3 (TEOM FDMS),3,N ugm-3 (TEOM FDMS),6,N ugm-3 (TEOM FDMS),, ,6,N ugm-3 (TEOM FDMS),2,N ugm-3 (TEOM FDMS),4,N ugm-3 (TEOM FDMS),2,N ugm-3 (TEOM FDMS),3,N ugm-3 (TEOM FDMS),4,N ugm-3 (TEOM FDMS),6,N ugm-3 (TEOM FDMS),4,N ugm-3 (TEOM FDMS),2,N ugm-3 (TEOM FDMS),6,N ugm-3 (TEOM FDMS),5,N ugm-3 (TEOM FDMS),3,N ugm-3 (TEOM FDMS),, ,4,N ugm-3 (TEOM FDMS),8,N ugm-3 (TEOM FDMS),1,N ugm-3 (TEOM FDMS),3,N ugm-3 (TEOM FDMS),6,N ugm-3 (TEOM FDMS),7,N ugm-3 (TEOM FDMS),2,N ugm-3 (TEOM FDMS),3,N ugm-3 (TEOM FDMS),3,N ugm-3 (TEOM FDMS)
15/08/2015,4,N ugm-3 (TEOM FDMS),1,N ugm-3 (TEOM FDMS),4,N ugm-3 (TEOM FDMS),2,V ugm-3 (TEOM FDMS),3,N ugm-3 (TEOM FDMS),1,N ugm-3 (TEOM FDMS),2,N ugm-3 (TEOM FDMS),3,N ugm-3 (TEOM FDMS),, ,2,N ugm-3 (TEOM FDMS),1,N ugm-3 (TEOM FDMS),1,N ugm-3 (TEOM FDMS),1,N ugm-3 (TEOM FDMS),1,N ugm-3 (TEOM FDMS),2,N ugm-3 (TEOM FDMS),3,N ugm-3 (TEOM FDMS),1,N ugm-3 (TEOM FDMS),0,N ugm-3 (TEOM FDMS),3,N ugm-3 (TEOM FDMS),2,N ugm-3 (TEOM FDMS),2,N ugm-3 (TEOM FDMS),, ,2,N ugm-3 (TEOM FDMS),3,N ugm-3 (TEOM FDMS),-1,N ugm-3 (TEOM FDMS),1,N ugm-3 (TEOM FDMS),3,N ugm-3 (TEOM FDMS),4,N ugm-3 (TEOM FDMS),2,N ugm-3 (TEOM FDMS),1,N ugm-3 (TEOM FDMS),1,N ugm-3 (TEOM FDMS)
16/08/2015,2,N ugm-3 (TEOM FDMS),1,N ugm-3 (TEOM FDMS),2,N ugm-3 (TEOM FDMS),1,V ugm-3 (TEOM FDMS),2,N ugm-3 (TEOM FDMS),0,N ugm-3 (TEOM FDMS),2,N ugm-3 (TEOM FDMS),2,N ugm-3 (TEOM FDMS),, ,1,N ugm-3 (TEOM FDMS),1,N ugm-3 (TEOM FDMS),1,N ugm-3 (TEOM FDMS),1,N ugm-3 (TEOM FDMS),1,N ugm-3 (TEOM FDMS),3,N ugm-3 (TEOM FDMS),2,N ugm-3 (TEOM FDMS),2,N ugm-3 (TEOM FDMS),-1,N ugm-3 (TEOM FDMS),2,N ugm-3 (TEOM FDMS),3,N ugm-3 (TEOM FDMS),2,N ugm-3 (TEOM FDMS),0,N ugm-3 (TEOM FDMS),3,N ugm-3 (TEOM FDMS),3,N ugm-3 (TEOM FDMS),-1,N ugm-3 (TEOM FDMS),1,N ugm-3 (TEOM FDMS),3,N ugm-3 (TEOM FDMS),3,N ugm-3 (TEOM FDMS),2,N ugm-3 (TEOM FDMS),1,N ugm-3 (TEOM FDMS),2,N ugm-3 (TEOM FDMS)
17/08/2015,3,N ugm-3 (TEOM FDMS),1,N ugm-3 (TEOM FDMS),3,N ugm-3 (TEOM FDMS),1,V ugm-3 (TEOM FDMS),3,N ugm-3 (TEOM FDMS),1,N ugm-3 (TEOM FDMS),3,N ugm-3 (TEOM FDMS),3,N ugm-3 (TEOM FDMS),, ,2,N ugm-3 (TEOM FDMS),2,N ugm-3 (TEOM FDMS),2,N ugm-3 (TEOM FDMS),1,N ugm-3 (TEOM FDMS),2,N ugm-3 (TEOM FDMS),3,N ugm-3 (TEOM FDMS),2,N ugm-3 (TEOM FDMS),2,N ugm-3 (TEOM FDMS),, ,3,N ugm-3 (TEOM FDMS),3,N ugm-3 (TEOM FDMS),2,N ugm-3 (TEOM FDMS),0,N ugm-3 (TEOM FDMS),4,N ugm-3 (TEOM FDMS),3,N ugm-3 (TEOM FDMS),0,N ugm-3 (TEOM FDMS),1,N ugm-3 (TEOM FDMS),3,N ugm-3 (TEOM FDMS),3,N ugm-3 (TEOM FDMS),2,N ugm-3 (TEOM FDMS),2,N ugm-3 (TEOM FDMS),3,N ugm-3 (TEOM FDMS)
18/08/2015,3,N ugm-3 (TEOM FDMS),2,N ugm-3 (TEOM FDMS),3,N ugm-3 (TEOM FDMS),1,V ugm-3 (TEOM FDMS),3,N ugm-3 (TEOM FDMS),1,N ugm-3 (TEOM FDMS),3,N ugm-3 (TEOM FDMS),2,N ugm-3 (TEOM FDMS),, ,2,N ugm-3 (TEOM FDMS),2,N ugm-3 (TEOM FDMS),2,N ugm-3 (TEOM FDMS),2,N ugm-3 (TEOM FDMS),2,N ugm-3 (TEOM FDMS),3,N ugm-3 (TEOM FDMS),4,N ugm-3 (TEOM FDMS),2,N ugm-3 (TEOM FDMS),, ,2,N ugm-3 (TEOM FDMS),4,N ugm-3 (TEOM FDMS),2,N ugm-3 (TEOM FDMS),1,N ugm-3 (TEOM FDMS),3,N ugm-3 (TEOM FDMS),3,N ugm-3 (TEOM FDMS),-1,N ugm-3 (TEOM FDMS),2,N ugm-3 (TEOM FDMS),2,N ugm-3 (TEOM FDMS),3,N ugm-3 (TEOM FDMS),2,N ugm-3 (TEOM FDMS),2,N ugm-3 (TEOM FDMS),2,N ugm-3 (TEOM FDMS)
19/08/2015,3,N ugm-3 (TEOM FDMS),1,N ugm-3 (TEOM FDMS),2,N ugm-3 (TEOM FDMS),1,V ugm-3 (TEOM FDMS),3,N ugm-3 (TEOM FDMS),, ,2,N ugm-3 (TEOM FDMS),2,N ugm-3 (TEOM FDMS),, ,4,N ugm-3 (TEOM FDMS),1,N ugm-3 (TEOM FDMS),2,N ugm-3 (TEOM FDMS),1,N ugm-3 (TEOM FDMS),1,N ugm-3 (TEOM FDMS),, ,3,N ugm-3 (TEOM FDMS),2,N ugm-3 (TEOM FDMS),, ,2,N ugm-3 (TEOM FDMS),, ,2,N ugm-3 (TEOM FDMS),0,N ugm-3 (TEOM FDMS),3,N ugm-3 (TEOM FDMS),3,N ugm-3 (TEOM FDMS),-1,N ugm-3 (TEOM FDMS),1,N ugm-3 (TEOM FDMS),2,N ugm-3 (TEOM FDMS),2,N ugm-3 (TEOM FDMS),2,N ugm-3 (TEOM FDMS),2,N ugm-3 (TEOM FDMS),2,N ugm-3 (TEOM FDMS)
20/08/2015,3,N ugm-3 (TEOM FDMS),2,N ugm-3 (TEOM FDMS),3,N ugm-3 (TEOM FDMS),1,V ugm-3 (TEOM FDMS),2,N ugm-3 (TEOM FDMS),, ,3,N ugm-3 (TEOM FDMS),2,N ugm-3 (TEOM FDMS),, ,5,N ugm-3 (TEOM FDMS),2,N ugm-3 (TEOM FDMS),2,N ugm-3 (TEOM FDMS),1,N ugm-3 (TEOM FDMS),1,N ugm-3 (TEOM FDMS),, ,2,N ugm-3 (TEOM FDMS),2,N ugm-3 (TEOM FDMS),, ,2,N ugm-3 (TEOM FDMS),, ,3,N ugm-3 (TEOM FDMS),0,N ugm-3 (TEOM FDMS),4,N ugm-3 (TEOM FDMS),3,N ugm-3 (TEOM FDMS),, ,2,N ugm-3 (TEOM FDMS),3,N ugm-3 (TEOM FDMS),2,N ugm-3 (TEOM FDMS),2,N ugm-3 (TEOM FDMS),2,N ugm-3 (TEOM FDMS),4,N ugm-3 (TEOM FDMS)
21/08/2015,3,N ugm-3 (TEOM FDMS),1,N ugm-3 (TEOM FDMS),3,N ugm-3 (TEOM FDMS),1,V ugm-3 (TEOM FDMS),3,N ugm-3 (TEOM FDMS),1,N ugm-3 (TEOM FDMS),2,N ugm-3 (TEOM FDMS),2,N ugm-3 (TEOM FDMS),, ,, ,2,N ugm-3 (TEOM FDMS),2,N ugm-3 (TEOM FDMS),1,N ugm-3 (TEOM FDMS),1,N ugm-3 (TEOM FDMS),, ,2,N ugm-3 (TEOM FDMS),2,N ugm-3 (TEOM FDMS),-1,N ugm-3 (TEOM FDMS),3,N ugm-3 (TEOM FDMS),, ,2,N ugm-3 (TEOM FDMS),1,N ugm-3 (TEOM FDMS),3,N ugm-3 (TEOM FDMS),3,N ugm-3 (TEOM FDMS),, ,2,N ugm-3 (TEOM FDMS),2,N ugm-3 (TEOM FDMS),3,N ugm-3 (TEOM FDMS),2,N ugm-3 (TEOM FDMS),2,N ugm-3 (TEOM FDMS),3,N ugm-3 (TEOM FDMS)
22/08/2015,4,N ugm-3 (TEOM FDMS),2,N ugm-3 (TEOM FDMS),4,N ugm-3 (TEOM FDMS),2,V ugm-3 (TEOM FDMS),3,N ugm-3 (TEOM FDMS),1,N ugm-3 (TEOM FDMS),5,N ugm-3 (TEOM FDMS),3,N ugm-3 (TEOM FDMS),, ,, ,2,N ugm-3 (TEOM FDMS),3,N ugm-3 (TEOM FDMS),2,N ugm-3 (TEOM FDMS),3,N ugm-3 (TEOM FDMS),, ,4,N ugm-3 (TEOM FDMS),3,N ugm-3 (TEOM FDMS),1,N ugm-3 (TEOM FDMS),4,N ugm-3 (TEOM FDMS),5,N ugm-3 (TEOM FDMS),3,N ugm-3 (TEOM FDMS),1,N ugm-3 (TEOM FDMS),4,N ugm-3 (TEOM FDMS),4,N ugm-3 (TEOM FDMS),, ,2,N ugm-3 (TEOM FDMS),2,N ugm-3 (TEOM FDMS),4,N ugm-3 (TEOM FDMS),3,N ugm-3 (TEOM FDMS),3,N ugm-3 (TEOM FDMS),4,N ugm-3 (TEOM FDMS)
23/08/2015,4,N ugm-3 (TEOM FDMS),3,N ugm-3 (TEOM FDMS),4,N ugm-3 (TEOM FDMS),1,V ugm-3 (TEOM FDMS),3,N ugm-3 (TEOM FDMS),1,N ugm-3 (TEOM FDMS),5,N ugm-3 (TEOM FDMS),3,N ugm-3 (TEOM FDMS),, ,, ,3,N ugm-3 (TEOM FDMS),3,N ugm-3 (TEOM FDMS),2,N ugm-3 (TEOM FDMS),2,N ugm-3 (TEOM FDMS),, ,3,N ugm-3 (TEOM FDMS),2,N ugm-3 (TEOM FDMS),0,N ugm-3 (TEOM FDMS),4,N ugm-3 (TEOM FDMS),4,N ugm-3 (TEOM FDMS),5,N ugm-3 (TEOM FDMS),2,N ugm-3 (TEOM FDMS),5,N ugm-3 (TEOM FDMS),4,N ugm-3 (TEOM FDMS),, ,3,N ugm-3 (TEOM FDMS),1,N ugm-3 (TEOM FDMS),4,N ugm-3 (TEOM FDMS),4,N ugm-3 (TEOM FDMS),4,N ugm-3 (TEOM FDMS),5,N ugm-3 (TEOM FDMS)
24/08/2015,3,N ugm-3 (TEOM FDMS),, ,3,N ugm-3 (TEOM FDMS),1,V ugm-3 (TEOM FDMS),3,N ugm-3 (TEOM FDMS),0,N ugm-3 (TEOM FDMS),4,N ugm-3 (TEOM FDMS),2,N ugm-3 (TEOM FDMS),, ,, ,2,N ugm-3 (TEOM FDMS),1,N ugm-3 (TEOM FDMS),2,N ugm-3 (TEOM FDMS),1,N ugm-3 (TEOM FDMS),, ,2,N ugm-3 (TEOM FDMS),1,N ugm-3 (TEOM FDMS),0,N ugm-3 (TEOM FDMS),3,N ugm-3 (TEOM FDMS),2,N ugm-3 (TEOM FDMS),4,N ugm-3 (TEOM FDMS),2,N ugm-3 (TEOM FDMS),4,N ugm-3 (TEOM FDMS),5,N ugm-3 (TEOM FDMS),, ,1,N ugm-3 (TEOM FDMS),1,N ugm-3 (TEOM FDMS),3,N ugm-3 (TEOM FDMS),2,N ugm-3 (TEOM FDMS),3,N ugm-3 (TEOM FDMS),4,N ugm-3 (TEOM FDMS)
25/08/2015,2,N ugm-3 (TEOM FDMS),2,N ugm-3 (TEOM FDMS),2,N ugm-3 (TEOM FDMS),1,V ugm-3 (TEOM FDMS),3,N ugm-3 (TEOM FDMS),1,N ugm-3 (TEOM FDMS),3,N ugm-3 (TEOM FDMS),2,N ugm-3 (TEOM FDMS),, ,, ,2,N ugm-3 (TEOM FDMS),2,N ugm-3 (TEOM FDMS),1,N ugm-3 (TEOM FDMS),2,N ugm-3 (TEOM FDMS),, ,2,N ugm-3 (TEOM FDMS),2,N ugm-3 (TEOM FDMS),-2,N ugm-3 (TEOM FDMS),2,N ugm-3 (TEOM FDMS),4,N ugm-3 (TEOM FDMS),2,N ugm-3 (TEOM FDMS),0,N ugm-3 (TEOM FDMS),3,N ugm-3 (TEOM FDMS),4,N ugm-3 (TEOM FDMS),0,N ugm-3 (TEOM FDMS),1,N ugm-3 (TEOM FDMS),1,N ugm-3 (TEOM FDMS),2,N ugm-3 (TEOM FDMS),2,N ugm-3 (TEOM FDMS),2,N ugm-3 (TEOM FDMS),2,N ugm-3 (TEOM FDMS)
26/08/2015,3,N ugm-3 (TEOM FDMS),1,N ugm-3 (TEOM FDMS),3,N ugm-3 (TEOM FDMS),2,V ugm-3 (TEOM FDMS),3,N ugm-3 (TEOM FDMS),1,N ugm-3 (TEOM FDMS),3,N ugm-3 (TEOM FDMS),2,N ugm-3 (TEOM FDMS),, ,, ,1,N ugm-3 (TEOM FDMS),2,N ugm-3 (TEOM FDMS),1,N ugm-3 (TEOM FDMS),1,N ugm-3 (TEOM FDMS),, ,2,N ugm-3 (TEOM FDMS),2,N ugm-3 (TEOM FDMS),0,N ugm-3 (TEOM FDMS),3,N ugm-3 (TEOM FDMS),3,N ugm-3 (TEOM FDMS),2,N ugm-3 (TEOM FDMS),0,N ugm-3 (TEOM FDMS),3,N ugm-3 (TEOM FDMS),3,N ugm-3 (TEOM FDMS),0,N ugm-3 (TEOM FDMS),1,N ugm-3 (TEOM FDMS),2,N ugm-3 (TEOM FDMS),3,N ugm-3 (TEOM FDMS),2,N ugm-3 (TEOM FDMS),2,N ugm-3 (TEOM FDMS),2,N ugm-3 (TEOM FDMS)
27/08/2015,2,N ugm-3 (TEOM FDMS),0,N ugm-3 (TEOM FDMS),2,N ugm-3 (TEOM FDMS),0,V ugm-3 (TEOM FDMS),2,N ugm-3 (TEOM FDMS),0,N ugm-3 (TEOM FDMS),2,N ugm-3 (TEOM FDMS),1,N ugm-3 (TEOM FDMS),, ,, ,1,N ugm-3 (TEOM FDMS),1,N ugm-3 (TEOM FDMS),0,N ugm-3 (TEOM FDMS),0,N ugm-3 (TEOM FDMS),, ,1,N ugm-3 (TEOM FDMS),2,N ugm-3 (TEOM FDMS),-1,N ugm-3 (TEOM FDMS),2,N ugm-3 (TEOM FDMS),3,N ugm-3 (TEOM FDMS),1,N ugm-3 (TEOM FDMS),-1,N ugm-3 (TEOM FDMS),2,N ugm-3 (TEOM FDMS),0,N ugm-3 (TEOM FDMS),0,N ugm-3 (TEOM FDMS),0,N ugm-3 (TEOM FDMS),2,N ugm-3 (TEOM FDMS),2,N ugm-3 (TEOM FDMS),1,N ugm-3 (TEOM FDMS),1,N ugm-3 (TEOM FDMS),2,N ugm-3 (TEOM FDMS)
28/08/2015,1,N ugm-3 (TEOM FDMS),0,N ugm-3 (TEOM FDMS),2,N ugm-3 (TEOM FDMS),0,V ugm-3 (TEOM FDMS),2,N ugm-3 (TEOM FDMS),0,N ugm-3 (TEOM FDMS),2,N ugm-3 (TEOM FDMS),1,N ugm-3 (TEOM FDMS),, ,, ,1,N ugm-3 (TEOM FDMS),0,N ugm-3 (TEOM FDMS),0,N ugm-3 (TEOM FDMS),1,N ugm-3 (TEOM FDMS),, ,1,N ugm-3 (TEOM FDMS),1,N ugm-3 (TEOM FDMS),-1,N ugm-3 (TEOM FDMS),1,N ugm-3 (TEOM FDMS),2,N ugm-3 (TEOM FDMS),1,N ugm-3 (TEOM FDMS),-1,N ugm-3 (TEOM FDMS),2,N ugm-3 (TEOM FDMS),-1,N ugm-3 (TEOM FDMS),-1,N ugm-3 (TEOM FDMS),0,N ugm-3 (TEOM FDMS),1,N ugm-3 (TEOM FDMS),2,N ugm-3 (TEOM FDMS),1,N ugm-3 (TEOM FDMS),1,N ugm-3 (TEOM FDMS),1,N ugm-3 (TEOM FDMS)
29/08/2015,2,N ugm-3 (TEOM FDMS),1,N ugm-3 (TEOM FDMS),3,N ugm-3 (TEOM FDMS),1,V ugm-3 (TEOM FDMS),3,N ugm-3 (TEOM FDMS),0,N ugm-3 (TEOM FDMS),2,N ugm-3 (TEOM FDMS),2,N ugm-3 (TEOM FDMS),, ,2,N ugm-3 (TEOM FDMS),2,N ugm-3 (TEOM FDMS),1,N ugm-3 (TEOM FDMS),1,N ugm-3 (TEOM FDMS),1,N ugm-3 (TEOM FDMS),, ,2,N ugm-3 (TEOM FDMS),1,N ugm-3 (TEOM FDMS),0,N ugm-3 (TEOM FDMS),3,N ugm-3 (TEOM FDMS),3,N ugm-3 (TEOM FDMS),2,N ugm-3 (TEOM FDMS),0,N ugm-3 (TEOM FDMS),3,N ugm-3 (TEOM FDMS),1,N ugm-3 (TEOM FDMS),1,N ugm-3 (TEOM FDMS),1,N ugm-3 (TEOM FDMS),3,N ugm-3 (TEOM FDMS),3,N ugm-3 (TEOM FDMS),2,N ugm-3 (TEOM FDMS),2,N ugm-3 (TEOM FDMS),2,N ugm-3 (TEOM FDMS)
30/08/2015,5,N ugm-3 (TEOM FDMS),1,N ugm-3 (TEOM FDMS),4,N ugm-3 (TEOM FDMS),3,V ugm-3 (TEOM FDMS),5,N ugm-3 (TEOM FDMS),1,N ugm-3 (TEOM FDMS),2,N ugm-3 (TEOM FDMS),3,N ugm-3 (TEOM FDMS),, ,2,N ugm-3 (TEOM FDMS),2,N ugm-3 (TEOM FDMS),, ,2,N ugm-3 (TEOM FDMS),2,N ugm-3 (TEOM FDMS),, ,4,N ugm-3 (TEOM FDMS),2,N ugm-3 (TEOM FDMS),2,N ugm-3 (TEOM FDMS),4,N ugm-3 (TEOM FDMS),3,N ugm-3 (TEOM FDMS),2,N ugm-3 (TEOM FDMS),2,N ugm-3 (TEOM FDMS),3,N ugm-3 (TEOM FDMS),3,N ugm-3 (TEOM FDMS),2,N ugm-3 (TEOM FDMS),1,N ugm-3 (TEOM FDMS),4,N ugm-3 (TEOM FDMS),5,N ugm-3 (TEOM FDMS),2,N ugm-3 (TEOM FDMS),2,N ugm-3 (TEOM FDMS),3,N ugm-3 (TEOM FDMS)
31/08/2015,3,N ugm-3 (TEOM FDMS),2,N ugm-3 (TEOM FDMS),3,N ugm-3 (TEOM FDMS),2,V ugm-3 (TEOM FDMS),4,N ugm-3 (TEOM FDMS),0,N ugm-3 (TEOM FDMS),3,N ugm-3 (TEOM FDMS),1,N ugm-3 (TEOM FDMS),, ,2,N ugm-3 (TEOM FDMS),3,N ugm-3 (TEOM FDMS),, ,2,N ugm-3 (TEOM FDMS),1,N ugm-3 (TEOM FDMS),, ,4,N ugm-3 (TEOM FDMS),2,N ugm-3 (TEOM FDMS),1,N ugm-3 (TEOM FDMS),3,N ugm-3 (TEOM FDMS),4,N ugm-3 (TEOM FDMS),3,N ugm-3 (TEOM FDMS),1,N ugm-3 (TEOM FDMS),4,N ugm-3 (TEOM FDMS),1,N ugm-3 (TEOM FDMS),2,N ugm-3 (TEOM FDMS),3,N ugm-3 (TEOM FDMS),3,N ugm-3 (TEOM FDMS),4,N ugm-3 (TEOM FDMS),3,N ugm-3 (TEOM FDMS),3,N ugm-3 (TEOM FDMS),4,N ugm-3 (TEOM FDMS)
01/09/2015,3,N ugm-3 (TEOM FDMS),1,N ugm-3 (TEOM FDMS),3,N ugm-3 (TEOM FDMS),2,V ugm-3 (TEOM FDMS),4,N ugm-3 (TEOM FDMS),0,N ugm-3 (TEOM FDMS),2,N ugm-3 (TEOM FDMS),2,N ugm-3 (TEOM FDMS),, ,2,N ugm-3 (TEOM FDMS),2,N ugm-3 (TEOM FDMS),2,N ugm-3 (TEOM FDMS),2,N ugm-3 (TEOM FDMS),2,N ugm-3 (TEOM FDMS),, ,3,N ugm-3 (TEOM FDMS),2,N ugm-3 (TEOM FDMS),1,N ugm-3 (TEOM FDMS),3,N ugm-3 (TEOM FDMS),3,N ugm-3 (TEOM FDMS),2,N ugm-3 (TEOM FDMS),2,N ugm-3 (TEOM FDMS),3,N ugm-3 (TEOM FDMS),2,N ugm-3 (TEOM FDMS),1,N ugm-3 (TEOM FDMS),3,N ugm-3 (TEOM FDMS),2,N ugm-3 (TEOM FDMS),3,N ugm-3 (TEOM FDMS),2,N ugm-3 (TEOM FDMS),2,N ugm-3 (TEOM FDMS),3,N ugm-3 (TEOM FDMS)
02/09/2015,3,N ugm-3 (TEOM FDMS),2,N ugm-3 (TEOM FDMS),4,N ugm-3 (TEOM FDMS),2,V ugm-3 (TEOM FDMS),4,N ugm-3 (TEOM FDMS),, ,3,N ugm-3 (TEOM FDMS),2,N ugm-3 (TEOM FDMS),, ,3,N ugm-3 (TEOM FDMS),2,N ugm-3 (TEOM FDMS),2,N ugm-3 (TEOM FDMS),2,N ugm-3 (TEOM FDMS),2,N ugm-3 (TEOM FDMS),, ,3,N ugm-3 (TEOM FDMS),2,N ugm-3 (TEOM FDMS),0,N ugm-3 (TEOM FDMS),4,N ugm-3 (TEOM FDMS),3,N ugm-3 (TEOM FDMS),2,N ugm-3 (TEOM FDMS),1,N ugm-3 (TEOM FDMS),3,N ugm-3 (TEOM FDMS),3,N ugm-3 (TEOM FDMS),0,N ugm-3 (TEOM FDMS),2,N ugm-3 (TEOM FDMS),2,N ugm-3 (TEOM FDMS),4,N ugm-3 (TEOM FDMS),2,N ugm-3 (TEOM FDMS),3,N ugm-3 (TEOM FDMS),3,N ugm-3 (TEOM FDMS)
03/09/2015,3,N ugm-3 (TEOM FDMS),1,N ugm-3 (TEOM FDMS),3,N ugm-3 (TEOM FDMS),1,V ugm-3 (TEOM FDMS),3,N ugm-3 (TEOM FDMS),, ,2,N ugm-3 (TEOM FDMS),2,N ugm-3 (TEOM FDMS),, ,3,N ugm-3 (TEOM FDMS),2,N ugm-3 (TEOM FDMS),2,N ugm-3 (TEOM FDMS),1,N ugm-3 (TEOM FDMS),1,N ugm-3 (TEOM FDMS),, ,2,N ugm-3 (TEOM FDMS),2,N ugm-3 (TEOM FDMS),-1,N ugm-3 (TEOM FDMS),2,N ugm-3 (TEOM FDMS),3,N ugm-3 (TEOM FDMS),2,N ugm-3 (TEOM FDMS),0,N ugm-3 (TEOM FDMS),3,N ugm-3 (TEOM FDMS),2,N ugm-3 (TEOM FDMS),0,N ugm-3 (TEOM FDMS),1,N ugm-3 (TEOM FDMS),1,N ugm-3 (TEOM FDMS),3,N ugm-3 (TEOM FDMS),2,N ugm-3 (TEOM FDMS),2,N ugm-3 (TEOM FDMS),2,N ugm-3 (TEOM FDMS)
04/09/2015,2,N ugm-3 (TEOM FDMS),1,N ugm-3 (TEOM FDMS),2,N ugm-3 (TEOM FDMS),0,V ugm-3 (TEOM FDMS),3,N ugm-3 (TEOM FDMS),0,N ugm-3 (TEOM FDMS),2,N ugm-3 (TEOM FDMS),1,N ugm-3 (TEOM FDMS),, ,2,N ugm-3 (TEOM FDMS),1,N ugm-3 (TEOM FDMS),1,N ugm-3 (TEOM FDMS),1,N ugm-3 (TEOM FDMS),1,N ugm-3 (TEOM FDMS),0,N ugm-3 (TEOM FDMS),1,N ugm-3 (TEOM FDMS),1,N ugm-3 (TEOM FDMS),0,N ugm-3 (TEOM FDMS),2,N ugm-3 (TEOM FDMS),3,N ugm-3 (TEOM FDMS),2,N ugm-3 (TEOM FDMS),, ,3,N ugm-3 (TEOM FDMS),1,N ugm-3 (TEOM FDMS),0,N ugm-3 (TEOM FDMS),1,N ugm-3 (TEOM FDMS),1,N ugm-3 (TEOM FDMS),2,N ugm-3 (TEOM FDMS),2,N ugm-3 (TEOM FDMS),1,N ugm-3 (TEOM FDMS),2,N ugm-3 (TEOM FDMS)
05/09/2015,2,N ugm-3 (TEOM FDMS),0,N ugm-3 (TEOM FDMS),2,N ugm-3 (TEOM FDMS),0,V ugm-3 (TEOM FDMS),2,N ugm-3 (TEOM FDMS),0,N ugm-3 (TEOM FDMS),2,N ugm-3 (TEOM FDMS),1,N ugm-3 (TEOM FDMS),, ,2,N ugm-3 (TEOM FDMS),1,N ugm-3 (TEOM FDMS),1,N ugm-3 (TEOM FDMS),1,N ugm-3 (TEOM FDMS),1,N ugm-3 (TEOM FDMS),1,N ugm-3 (TEOM FDMS),2,N ugm-3 (TEOM FDMS),2,N ugm-3 (TEOM FDMS),-1,N ugm-3 (TEOM FDMS),1,N ugm-3 (TEOM FDMS),3,N ugm-3 (TEOM FDMS),1,N ugm-3 (TEOM FDMS),0,N ugm-3 (TEOM FDMS),2,N ugm-3 (TEOM FDMS),1,N ugm-3 (TEOM FDMS),0,N ugm-3 (TEOM FDMS),1,N ugm-3 (TEOM FDMS),1,N ugm-3 (TEOM FDMS),2,N ugm-3 (TEOM FDMS),1,N ugm-3 (TEOM FDMS),1,N ugm-3 (TEOM FDMS),1,N ugm-3 (TEOM FDMS)
06/09/2015,3,N ugm-3 (TEOM FDMS),1,N ugm-3 (TEOM FDMS),, ,1,V ugm-3 (TEOM FDMS),3,N ugm-3 (TEOM FDMS),0,N ugm-3 (TEOM FDMS),2,N ugm-3 (TEOM FDMS),2,N ugm-3 (TEOM FDMS),, ,3,N ugm-3 (TEOM FDMS),2,N ugm-3 (TEOM FDMS),1,N ugm-3 (TEOM FDMS),1,N ugm-3 (TEOM FDMS),1,N ugm-3 (TEOM FDMS),3,N ugm-3 (TEOM FDMS),2,N ugm-3 (TEOM FDMS),1,N ugm-3 (TEOM FDMS),-1,N ugm-3 (TEOM FDMS),2,N ugm-3 (TEOM FDMS),3,N ugm-3 (TEOM FDMS),2,N ugm-3 (TEOM FDMS),0,N ugm-3 (TEOM FDMS),3,N ugm-3 (TEOM FDMS),2,N ugm-3 (TEOM FDMS),0,N ugm-3 (TEOM FDMS),1,N ugm-3 (TEOM FDMS),1,N ugm-3 (TEOM FDMS),3,N ugm-3 (TEOM FDMS),2,N ugm-3 (TEOM FDMS),2,N ugm-3 (TEOM FDMS),2,N ugm-3 (TEOM FDMS)
07/09/2015,3,N ugm-3 (TEOM FDMS),2,N ugm-3 (TEOM FDMS),, ,1,V ugm-3 (TEOM FDMS),3,N ugm-3 (TEOM FDMS),1,N ugm-3 (TEOM FDMS),3,N ugm-3 (TEOM FDMS),1,N ugm-3 (TEOM FDMS),, ,3,N ugm-3 (TEOM FDMS),2,N ugm-3 (TEOM FDMS),2,N ugm-3 (TEOM FDMS),2,N ugm-3 (TEOM FDMS),2,N ugm-3 (TEOM FDMS),3,N ugm-3 (TEOM FDMS),2,N ugm-3 (TEOM FDMS),2,N ugm-3 (TEOM FDMS),0,N ugm-3 (TEOM FDMS),2,N ugm-3 (TEOM FDMS),, ,3,N ugm-3 (TEOM FDMS),1,N ugm-3 (TEOM FDMS),, ,2,N ugm-3 (TEOM FDMS),1,N ugm-3 (TEOM FDMS),2,N ugm-3 (TEOM FDMS),2,N ugm-3 (TEOM FDMS),3,N ugm-3 (TEOM FDMS),2,N ugm-3 (TEOM FDMS),2,N ugm-3 (TEOM FDMS),2,N ugm-3 (TEOM FDMS)
08/09/2015,3,N ugm-3 (TEOM FDMS),4,N ugm-3 (TEOM FDMS),, ,1,V ugm-3 (TEOM FDMS),3,N ugm-3 (TEOM FDMS),3,N ugm-3 (TEOM FDMS),4,N ugm-3 (TEOM FDMS),2,N ugm-3 (TEOM FDMS),, ,3,N ugm-3 (TEOM FDMS),3,N ugm-3 (TEOM FDMS),4,N ugm-3 (TEOM FDMS),2,N ugm-3 (TEOM FDMS),4,N ugm-3 (TEOM FDMS),4,N ugm-3 (TEOM FDMS),3,N ugm-3 (TEOM FDMS),4,N ugm-3 (TEOM FDMS),1,N ugm-3 (TEOM FDMS),3,N ugm-3 (TEOM FDMS),, ,3,N ugm-3 (TEOM FDMS),1,N ugm-3 (TEOM FDMS),, ,2,N ugm-3 (TEOM FDMS),1,N ugm-3 (TEOM FDMS),5,N ugm-3 (TEOM FDMS),2,N ugm-3 (TEOM FDMS),3,N ugm-3 (TEOM FDMS),5,N ugm-3 (TEOM FDMS),3,N ugm-3 (TEOM FDMS),3,N ugm-3 (TEOM FDMS)
09/09/2015,3,N ugm-3 (TEOM FDMS),2,N ugm-3 (TEOM FDMS),, ,2,V ugm-3 (TEOM FDMS),3,N ugm-3 (TEOM FDMS),5,N ugm-3 (TEOM FDMS),3,N ugm-3 (TEOM FDMS),2,N ugm-3 (TEOM FDMS),, ,3,N ugm-3 (TEOM FDMS),2,N ugm-3 (TEOM FDMS),3,N ugm-3 (TEOM FDMS),2,N ugm-3 (TEOM FDMS),4,N ugm-3 (TEOM FDMS),, ,3,N ugm-3 (TEOM FDMS),4,N ugm-3 (TEOM FDMS),0,N ugm-3 (TEOM FDMS),3,N ugm-3 (TEOM FDMS),, ,3,N ugm-3 (TEOM FDMS),, ,, ,2,N ugm-3 (TEOM FDMS),1,N ugm-3 (TEOM FDMS),2,N ugm-3 (TEOM FDMS),2,N ugm-3 (TEOM FDMS),3,N ugm-3 (TEOM FDMS),3,N ugm-3 (TEOM FDMS),3,N ugm-3 (TEOM FDMS),2,N ugm-3 (TEOM FDMS)
10/09/2015,4,N ugm-3 (TEOM FDMS),3,N ugm-3 (TEOM FDMS),, ,3,V ugm-3 (TEOM FDMS),4,N ugm-3 (TEOM FDMS),5,N ugm-3 (TEOM FDMS),4,N ugm-3 (TEOM FDMS),4,N ugm-3 (TEOM FDMS),2,N ugm-3 (TEOM FDMS),4,N ugm-3 (TEOM FDMS),3,N ugm-3 (TEOM FDMS),5,N ugm-3 (TEOM FDMS),3,N ugm-3 (TEOM FDMS),6,N ugm-3 (TEOM FDMS),, ,5,N ugm-3 (TEOM FDMS),6,N ugm-3 (TEOM FDMS),2,N ugm-3 (TEOM FDMS),5,N ugm-3 (TEOM FDMS),3,N ugm-3 (TEOM FDMS),5,N ugm-3 (TEOM FDMS),, ,5,N ugm-3 (TEOM FDMS),3,N ugm-3 (TEOM FDMS),3,N ugm-3 (TEOM FDMS),4,N ugm-3 (TEOM FDMS),3,N ugm-3 (TEOM FDMS),5,N ugm-3 (TEOM FDMS),4,N ugm-3 (TEOM FDMS),3,N ugm-3 (TEOM FDMS),3,N ugm-3 (TEOM FDMS)
11/09/2015,6,N ugm-3 (TEOM FDMS),4,N ugm-3 (TEOM FDMS),, ,4,V ugm-3 (TEOM FDMS),5,N ugm-3 (TEOM FDMS),6,N ugm-3 (TEOM FDMS),4,N ugm-3 (TEOM FDMS),5,N ugm-3 (TEOM FDMS),2,N ugm-3 (TEOM FDMS),5,N ugm-3 (TEOM FDMS),4,N ugm-3 (TEOM FDMS),5,N ugm-3 (TEOM FDMS),3,N ugm-3 (TEOM FDMS),5,N ugm-3 (TEOM FDMS),, ,4,N ugm-3 (TEOM FDMS),5,N ugm-3 (TEOM FDMS),2,N ugm-3 (TEOM FDMS),6,N ugm-3 (TEOM FDMS),4,N ugm-3 (TEOM FDMS),5,N ugm-3 (TEOM FDMS),, ,5,N ugm-3 (TEOM FDMS),5,N ugm-3 (TEOM FDMS),2,N ugm-3 (TEOM FDMS),4,N ugm-3 (TEOM FDMS),3,N ugm-3 (TEOM FDMS),7,N ugm-3 (TEOM FDMS),5,N ugm-3 (TEOM FDMS),4,N ugm-3 (TEOM FDMS),4,N ugm-3 (TEOM FDMS)
12/09/2015,4,N ugm-3 (TEOM FDMS),4,N ugm-3 (TEOM FDMS),, ,2,V ugm-3 (TEOM FDMS),4,N ugm-3 (TEOM FDMS),2,N ugm-3 (TEOM FDMS),5,N ugm-3 (TEOM FDMS),2,N ugm-3 (TEOM FDMS),3,N ugm-3 (TEOM FDMS),6,N ugm-3 (TEOM FDMS),6,N ugm-3 (TEOM FDMS),2,N ugm-3 (TEOM FDMS),2,N ugm-3 (TEOM FDMS),2,N ugm-3 (TEOM FDMS),0,N ugm-3 (TEOM FDMS),3,N ugm-3 (TEOM FDMS),3,N ugm-3 (TEOM FDMS),0,N ugm-3 (TEOM FDMS),4,N ugm-3 (TEOM FDMS),2,N ugm-3 (TEOM FDMS),6,N ugm-3 (TEOM FDMS),, ,7,N ugm-3 (TEOM FDMS),3,N ugm-3 (TEOM FDMS),1,N ugm-3 (TEOM FDMS),4,N ugm-3 (TEOM FDMS),2,N ugm-3 (TEOM FDMS),4,N ugm-3 (TEOM FDMS),5,N ugm-3 (TEOM FDMS),5,N ugm-3 (TEOM FDMS),5,N ugm-3 (TEOM FDMS)
13/09/2015,4,N ugm-3 (TEOM FDMS),2,N ugm-3 (TEOM FDMS),, ,2,V ugm-3 (TEOM FDMS),4,N ugm-3 (TEOM FDMS),1,N ugm-3 (TEOM FDMS),3,N ugm-3 (TEOM FDMS),2,N ugm-3 (TEOM FDMS),2,N ugm-3 (TEOM FDMS),4,N ugm-3 (TEOM FDMS),3,N ugm-3 (TEOM FDMS),3,N ugm-3 (TEOM FDMS),2,N ugm-3 (TEOM FDMS),3,N ugm-3 (TEOM FDMS),1,N ugm-3 (TEOM FDMS),3,N ugm-3 (TEOM FDMS),3,N ugm-3 (TEOM FDMS),0,N ugm-3 (TEOM FDMS),4,N ugm-3 (TEOM FDMS),3,N ugm-3 (TEOM FDMS),3,N ugm-3 (TEOM FDMS),, ,3,N ugm-3 (TEOM FDMS),3,N ugm-3 (TEOM FDMS),1,N ugm-3 (TEOM FDMS),2,N ugm-3 (TEOM FDMS),3,N ugm-3 (TEOM FDMS),4,N ugm-3 (TEOM FDMS),3,N ugm-3 (TEOM FDMS),3,N ugm-3 (TEOM FDMS),3,N ugm-3 (TEOM FDMS)
14/09/2015,3,N ugm-3 (TEOM FDMS),3,N ugm-3 (TEOM FDMS),, ,2,V ugm-3 (TEOM FDMS),4,N ugm-3 (TEOM FDMS),2,N ugm-3 (TEOM FDMS),5,N ugm-3 (TEOM FDMS),2,N ugm-3 (TEOM FDMS),1,N ugm-3 (TEOM FDMS),5,N ugm-3 (TEOM FDMS),4,N ugm-3 (TEOM FDMS),3,N ugm-3 (TEOM FDMS),2,N ugm-3 (TEOM FDMS),2,N ugm-3 (TEOM FDMS),0,N ugm-3 (TEOM FDMS),3,N ugm-3 (TEOM FDMS),3,N ugm-3 (TEOM FDMS),1,N ugm-3 (TEOM FDMS),3,N ugm-3 (TEOM FDMS),2,N ugm-3 (TEOM FDMS),4,N ugm-3 (TEOM FDMS),, ,5,N ugm-3 (TEOM FDMS),3,N ugm-3 (TEOM FDMS),1,N ugm-3 (TEOM FDMS),2,N ugm-3 (TEOM FDMS),2,N ugm-3 (TEOM FDMS),3,N ugm-3 (TEOM FDMS),4,N ugm-3 (TEOM FDMS),4,N ugm-3 (TEOM FDMS),4,N ugm-3 (TEOM FDMS)
15/09/2015,3,N ugm-3 (TEOM FDMS),2,N ugm-3 (TEOM FDMS),, ,1,V ugm-3 (TEOM FDMS),3,N ugm-3 (TEOM FDMS),1,N ugm-3 (TEOM FDMS),3,N ugm-3 (TEOM FDMS),1,N ugm-3 (TEOM FDMS),0,N ugm-3 (TEOM FDMS),3,N ugm-3 (TEOM FDMS),2,N ugm-3 (TEOM FDMS),2,N ugm-3 (TEOM FDMS),1,N ugm-3 (TEOM FDMS),1,N ugm-3 (TEOM FDMS),, ,2,N ugm-3 (TEOM FDMS),3,N ugm-3 (TEOM FDMS),0,N ugm-3 (TEOM FDMS),3,N ugm-3 (TEOM FDMS),3,N ugm-3 (TEOM FDMS),2,N ugm-3 (TEOM FDMS),, ,3,N ugm-3 (TEOM FDMS),1,N ugm-3 (TEOM FDMS),1,N ugm-3 (TEOM FDMS),2,N ugm-3 (TEOM FDMS),2,N ugm-3 (TEOM FDMS),2,N ugm-3 (TEOM FDMS),2,N ugm-3 (TEOM FDMS),2,N ugm-3 (TEOM FDMS),2,N ugm-3 (TEOM FDMS)
16/09/2015,3,N ugm-3 (TEOM FDMS),2,N ugm-3 (TEOM FDMS),, ,2,V ugm-3 (TEOM FDMS),3,N ugm-3 (TEOM FDMS),1,N ugm-3 (TEOM FDMS),3,N ugm-3 (TEOM FDMS),2,N ugm-3 (TEOM FDMS),0,N ugm-3 (TEOM FDMS),5,N ugm-3 (TEOM FDMS),2,N ugm-3 (TEOM FDMS),3,N ugm-3 (TEOM FDMS),3,N ugm-3 (TEOM FDMS),2,N ugm-3 (TEOM FDMS),, ,3,N ugm-3 (TEOM FDMS),2,N ugm-3 (TEOM FDMS),0,N ugm-3 (TEOM FDMS),3,N ugm-3 (TEOM FDMS),2,N ugm-3 (TEOM FDMS),3,N ugm-3 (TEOM FDMS),, ,3,N ugm-3 (TEOM FDMS),3,N ugm-3 (TEOM FDMS),1,N ugm-3 (TEOM FDMS),2,N ugm-3 (TEOM FDMS),3,N ugm-3 (TEOM FDMS),3,N ugm-3 (TEOM FDMS),3,N ugm-3 (TEOM FDMS),3,N ugm-3 (TEOM FDMS),3,N ugm-3 (TEOM FDMS)
17/09/2015,3,N ugm-3 (TEOM FDMS),2,N ugm-3 (TEOM FDMS),, ,1,V ugm-3 (TEOM FDMS),2,N ugm-3 (TEOM FDMS),0,N ugm-3 (TEOM FDMS),2,N ugm-3 (TEOM FDMS),1,N ugm-3 (TEOM FDMS),-1,N ugm-3 (TEOM FDMS),4,N ugm-3 (TEOM FDMS),1,N ugm-3 (TEOM FDMS),0,N ugm-3 (TEOM FDMS),1,N ugm-3 (TEOM FDMS),1,N ugm-3 (TEOM FDMS),-1,N ugm-3 (TEOM FDMS),1,N ugm-3 (TEOM FDMS),1,N ugm-3 (TEOM FDMS),0,N ugm-3 (TEOM FDMS),2,N ugm-3 (TEOM FDMS),1,N ugm-3 (TEOM FDMS),2,N ugm-3 (TEOM FDMS),, ,2,N ugm-3 (TEOM FDMS),2,N ugm-3 (TEOM FDMS),-1,N ugm-3 (TEOM FDMS),1,N ugm-3 (TEOM FDMS),2,N ugm-3 (TEOM FDMS),2,N ugm-3 (TEOM FDMS),2,N ugm-3 (TEOM FDMS),2,N ugm-3 (TEOM FDMS),2,N ugm-3 (TEOM FDMS)
18/09/2015,1,N ugm-3 (TEOM FDMS),2,N ugm-3 (TEOM FDMS),, ,1,V ugm-3 (TEOM FDMS),2,N ugm-3 (TEOM FDMS),0,N ugm-3 (TEOM FDMS),2,N ugm-3 (TEOM FDMS),1,N ugm-3 (TEOM FDMS),-1,N ugm-3 (TEOM FDMS),4,N ugm-3 (TEOM FDMS),2,N ugm-3 (TEOM FDMS),1,N ugm-3 (TEOM FDMS),0,N ugm-3 (TEOM FDMS),1,N ugm-3 (TEOM FDMS),-1,N ugm-3 (TEOM FDMS),1,N ugm-3 (TEOM FDMS),2,N ugm-3 (TEOM FDMS),-2,N ugm-3 (TEOM FDMS),2,N ugm-3 (TEOM FDMS),1,N ugm-3 (TEOM FDMS),3,N ugm-3 (TEOM FDMS),, ,2,N ugm-3 (TEOM FDMS),1,N ugm-3 (TEOM FDMS),0,N ugm-3 (TEOM FDMS),1,N ugm-3 (TEOM FDMS),2,N ugm-3 (TEOM FDMS),2,N ugm-3 (TEOM FDMS),2,N ugm-3 (TEOM FDMS),2,N ugm-3 (TEOM FDMS),2,N ugm-3 (TEOM FDMS)
19/09/2015,2,N ugm-3 (TEOM FDMS),3,N ugm-3 (TEOM FDMS),, ,2,V ugm-3 (TEOM FDMS),3,N ugm-3 (TEOM FDMS),1,N ugm-3 (TEOM FDMS),3,N ugm-3 (TEOM FDMS),2,N ugm-3 (TEOM FDMS),0,N ugm-3 (TEOM FDMS),4,N ugm-3 (TEOM FDMS),3,N ugm-3 (TEOM FDMS),4,N ugm-3 (TEOM FDMS),2,N ugm-3 (TEOM FDMS),2,N ugm-3 (TEOM FDMS),0,N ugm-3 (TEOM FDMS),4,N ugm-3 (TEOM FDMS),3,N ugm-3 (TEOM FDMS),0,N ugm-3 (TEOM FDMS),3,N ugm-3 (TEOM FDMS),2,N ugm-3 (TEOM FDMS),3,N ugm-3 (TEOM FDMS),, ,4,N ugm-3 (TEOM FDMS),3,N ugm-3 (TEOM FDMS),2,N ugm-3 (TEOM FDMS),6,N ugm-3 (TEOM FDMS),2,N ugm-3 (TEOM FDMS),3,N ugm-3 (TEOM FDMS),4,N ugm-3 (TEOM FDMS),2,N ugm-3 (TEOM FDMS),3,N ugm-3 (TEOM FDMS)
20/09/2015,6,N ugm-3 (TEOM FDMS),4,N ugm-3 (TEOM FDMS),, ,3,V ugm-3 (TEOM FDMS),5,N ugm-3 (TEOM FDMS),2,N ugm-3 (TEOM FDMS),4,N ugm-3 (TEOM FDMS),4,N ugm-3 (TEOM FDMS),1,N ugm-3 (TEOM FDMS),7,N ugm-3 (TEOM FDMS),6,N ugm-3 (TEOM FDMS),4,N ugm-3 (TEOM FDMS),3,N ugm-3 (TEOM FDMS),2,N ugm-3 (TEOM FDMS),2,N ugm-3 (TEOM FDMS),7,N ugm-3 (TEOM FDMS),3,N ugm-3 (TEOM FDMS),3,N ugm-3 (TEOM FDMS),4,N ugm-3 (TEOM FDMS),3,N ugm-3 (TEOM FDMS),5,N ugm-3 (TEOM FDMS),, ,5,N ugm-3 (TEOM FDMS),4,N ugm-3 (TEOM FDMS),3,N ugm-3 (TEOM FDMS),4,N ugm-3 (TEOM FDMS),4,N ugm-3 (TEOM FDMS),5,N ugm-3 (TEOM FDMS),4,N ugm-3 (TEOM FDMS),4,N ugm-3 (TEOM FDMS),4,N ugm-3 (TEOM FDMS)
21/09/2015,6,N ugm-3 (TEOM FDMS),3,N ugm-3 (TEOM FDMS),, ,4,V ugm-3 (TEOM FDMS),6,N ugm-3 (TEOM FDMS),2,N ugm-3 (TEOM FDMS),4,N ugm-3 (TEOM FDMS),5,N ugm-3 (TEOM FDMS),2,N ugm-3 (TEOM FDMS),10,N ugm-3 (TEOM FDMS),5,N ugm-3 (TEOM FDMS),4,N ugm-3 (TEOM FDMS),3,N ugm-3 (TEOM FDMS),3,N ugm-3 (TEOM FDMS),2,N ugm-3 (TEOM FDMS),4,N ugm-3 (TEOM FDMS),3,N ugm-3 (TEOM FDMS),3,N ugm-3 (TEOM FDMS),5,N ugm-3 (TEOM FDMS),3,N ugm-3 (TEOM FDMS),5,N ugm-3 (TEOM FDMS),, ,4,N ugm-3 (TEOM FDMS),5,N ugm-3 (TEOM FDMS),3,N ugm-3 (TEOM FDMS),4,N ugm-3 (TEOM FDMS),4,N ugm-3 (TEOM FDMS),5,N ugm-3 (TEOM FDMS),4,N ugm-3 (TEOM FDMS),4,N ugm-3 (TEOM FDMS),4,N ugm-3 (TEOM FDMS)
22/09/2015,2,N ugm-3 (TEOM FDMS),2,N ugm-3 (TEOM FDMS),, ,2,V ugm-3 (TEOM FDMS),3,N ugm-3 (TEOM FDMS),0,N ugm-3 (TEOM FDMS),2,N ugm-3 (TEOM FDMS),2,N ugm-3 (TEOM FDMS),0,N ugm-3 (TEOM FDMS),6,N ugm-3 (TEOM FDMS),2,N ugm-3 (TEOM FDMS),1,N ugm-3 (TEOM FDMS),1,N ugm-3 (TEOM FDMS),1,N ugm-3 (TEOM FDMS),-1,N ugm-3 (TEOM FDMS),2,N ugm-3 (TEOM FDMS),2,N ugm-3 (TEOM FDMS),0,N ugm-3 (TEOM FDMS),2,N ugm-3 (TEOM FDMS),1,N ugm-3 (TEOM FDMS),3,N ugm-3 (TEOM FDMS),, ,2,N ugm-3 (TEOM FDMS),2,N ugm-3 (TEOM FDMS),0,N ugm-3 (TEOM FDMS),1,N ugm-3 (TEOM FDMS),2,N ugm-3 (TEOM FDMS),3,N ugm-3 (TEOM FDMS),2,N ugm-3 (TEOM FDMS),2,N ugm-3 (TEOM FDMS),3,N ugm-3 (TEOM FDMS)
23/09/2015,2,N ugm-3 (TEOM FDMS),1,N ugm-3 (TEOM FDMS),, ,1,V ugm-3 (TEOM FDMS),, ,1,N ugm-3 (TEOM FDMS),2,N ugm-3 (TEOM FDMS),1,N ugm-3 (TEOM FDMS),-1,N ugm-3 (TEOM FDMS),5,N ugm-3 (TEOM FDMS),2,N ugm-3 (TEOM FDMS),1,N ugm-3 (TEOM FDMS),1,N ugm-3 (TEOM FDMS),1,N ugm-3 (TEOM FDMS),0,N ugm-3 (TEOM FDMS),1,N ugm-3 (TEOM FDMS),1,N ugm-3 (TEOM FDMS),-1,N ugm-3 (TEOM FDMS),2,N ugm-3 (TEOM FDMS),2,N ugm-3 (TEOM FDMS),2,N ugm-3 (TEOM FDMS),, ,2,N ugm-3 (TEOM FDMS),1,N ugm-3 (TEOM FDMS),0,N ugm-3 (TEOM FDMS),1,N ugm-3 (TEOM FDMS),1,N ugm-3 (TEOM FDMS),2,N ugm-3 (TEOM FDMS),2,N ugm-3 (TEOM FDMS),1,N ugm-3 (TEOM FDMS),2,N ugm-3 (TEOM FDMS)
24/09/2015,2,N ugm-3 (TEOM FDMS),1,N ugm-3 (TEOM FDMS),, ,1,V ugm-3 (TEOM FDMS),, ,0,N ugm-3 (TEOM FDMS),2,N ugm-3 (TEOM FDMS),1,N ugm-3 (TEOM FDMS),0,N ugm-3 (TEOM FDMS),5,N ugm-3 (TEOM FDMS),1,N ugm-3 (TEOM FDMS),2,N ugm-3 (TEOM FDMS),1,N ugm-3 (TEOM FDMS),1,N ugm-3 (TEOM FDMS),0,N ugm-3 (TEOM FDMS),1,N ugm-3 (TEOM FDMS),2,N ugm-3 (TEOM FDMS),-1,N ugm-3 (TEOM FDMS),3,N ugm-3 (TEOM FDMS),1,N ugm-3 (TEOM FDMS),2,N ugm-3 (TEOM FDMS),, ,2,N ugm-3 (TEOM FDMS),1,N ugm-3 (TEOM FDMS),0,N ugm-3 (TEOM FDMS),0,N ugm-3 (TEOM FDMS),1,N ugm-3 (TEOM FDMS),2,N ugm-3 (TEOM FDMS),2,N ugm-3 (TEOM FDMS),2,N ugm-3 (TEOM FDMS),2,N ugm-3 (TEOM FDMS)
25/09/2015,2,N ugm-3 (TEOM FDMS),0,N ugm-3 (TEOM FDMS),, ,1,V ugm-3 (TEOM FDMS),, ,0,N ugm-3 (TEOM FDMS),1,N ugm-3 (TEOM FDMS),1,N ugm-3 (TEOM FDMS),-1,N ugm-3 (TEOM FDMS),5,N ugm-3 (TEOM FDMS),2,N ugm-3 (TEOM FDMS),2,N ugm-3 (TEOM FDMS),1,N ugm-3 (TEOM FDMS),1,N ugm-3 (TEOM FDMS),0,N ugm-3 (TEOM FDMS),1,N ugm-3 (TEOM FDMS),2,N ugm-3 (TEOM FDMS),-1,N ugm-3 (TEOM FDMS),2,N ugm-3 (TEOM FDMS),2,N ugm-3 (TEOM FDMS),1,N ugm-3 (TEOM FDMS),, ,2,N ugm-3 (TEOM FDMS),1,N ugm-3 (TEOM FDMS),, ,1,N ugm-3 (TEOM FDMS),1,N ugm-3 (TEOM FDMS),2,N ugm-3 (TEOM FDMS),2,N ugm-3 (TEOM FDMS),1,N ugm-3 (TEOM FDMS),1,N ugm-3 (TEOM FDMS)
26/09/2015,3,N ugm-3 (TEOM FDMS),2,N ugm-3 (TEOM FDMS),, ,1,V ugm-3 (TEOM FDMS),3,N ugm-3 (TEOM FDMS),1,N ugm-3 (TEOM FDMS),3,N ugm-3 (TEOM FDMS),1,N ugm-3 (TEOM FDMS),0,N ugm-3 (TEOM FDMS),6,N ugm-3 (TEOM FDMS),2,N ugm-3 (TEOM FDMS),2,N ugm-3 (TEOM FDMS),2,N ugm-3 (TEOM FDMS),2,N ugm-3 (TEOM FDMS),1,N ugm-3 (TEOM FDMS),1,N ugm-3 (TEOM FDMS),2,N ugm-3 (TEOM FDMS),-1,N ugm-3 (TEOM FDMS),3,N ugm-3 (TEOM FDMS),2,N ugm-3 (TEOM FDMS),2,N ugm-3 (TEOM FDMS),, ,2,N ugm-3 (TEOM FDMS),2,N ugm-3 (TEOM FDMS),, ,1,N ugm-3 (TEOM FDMS),1,N ugm-3 (TEOM FDMS),2,N ugm-3 (TEOM FDMS),3,N ugm-3 (TEOM FDMS),2,N ugm-3 (TEOM FDMS),2,N ugm-3 (TEOM FDMS)
27/09/2015,3,N ugm-3 (TEOM FDMS),2,N ugm-3 (TEOM FDMS),, ,1,V ugm-3 (TEOM FDMS),2,N ugm-3 (TEOM FDMS),1,N ugm-3 (TEOM FDMS),4,N ugm-3 (TEOM FDMS),1,N ugm-3 (TEOM FDMS),1,N ugm-3 (TEOM FDMS),5,N ugm-3 (TEOM FDMS),2,N ugm-3 (TEOM FDMS),3,N ugm-3 (TEOM FDMS),2,N ugm-3 (TEOM FDMS),2,N ugm-3 (TEOM FDMS),1,N ugm-3 (TEOM FDMS),1,N ugm-3 (TEOM FDMS),2,N ugm-3 (TEOM FDMS),1,N ugm-3 (TEOM FDMS),2,N ugm-3 (TEOM FDMS),2,N ugm-3 (TEOM FDMS),3,N ugm-3 (TEOM FDMS),, ,4,N ugm-3 (TEOM FDMS),3,N ugm-3 (TEOM FDMS),, ,2,N ugm-3 (TEOM FDMS),1,N ugm-3 (TEOM FDMS),2,N ugm-3 (TEOM FDMS),3,N ugm-3 (TEOM FDMS),3,N ugm-3 (TEOM FDMS),4,N ugm-3 (TEOM FDMS)
28/09/2015,3,N ugm-3 (TEOM FDMS),2,N ugm-3 (TEOM FDMS),, ,2,V ugm-3 (TEOM FDMS),4,N ugm-3 (TEOM FDMS),2,N ugm-3 (TEOM FDMS),5,N ugm-3 (TEOM FDMS),2,N ugm-3 (TEOM FDMS),4,N ugm-3 (TEOM FDMS),5,N ugm-3 (TEOM FDMS),3,N ugm-3 (TEOM FDMS),3,N ugm-3 (TEOM FDMS),2,N ugm-3 (TEOM FDMS),4,N ugm-3 (TEOM FDMS),1,N ugm-3 (TEOM FDMS),, ,3,N ugm-3 (TEOM FDMS),1,N ugm-3 (TEOM FDMS),3,N ugm-3 (TEOM FDMS),3,N ugm-3 (TEOM FDMS),3,N ugm-3 (TEOM FDMS),, ,4,N ugm-3 (TEOM FDMS),2,N ugm-3 (TEOM FDMS),, ,3,N ugm-3 (TEOM FDMS),2,N ugm-3 (TEOM FDMS),3,N ugm-3 (TEOM FDMS),4,N ugm-3 (TEOM FDMS),4,N ugm-3 (TEOM FDMS),3,N ugm-3 (TEOM FDMS)
29/09/2015,3,N ugm-3 (TEOM FDMS),3,N ugm-3 (TEOM FDMS),, ,2,V ugm-3 (TEOM FDMS),4,N ugm-3 (TEOM FDMS),3,N ugm-3 (TEOM FDMS),4,N ugm-3 (TEOM FDMS),2,N ugm-3 (TEOM FDMS),3,N ugm-3 (TEOM FDMS),6,N ugm-3 (TEOM FDMS),4,N ugm-3 (TEOM FDMS),4,N ugm-3 (TEOM FDMS),3,N ugm-3 (TEOM FDMS),5,N ugm-3 (TEOM FDMS),1,N ugm-3 (TEOM FDMS),4,N ugm-3 (TEOM FDMS),4,N ugm-3 (TEOM FDMS),1,N ugm-3 (TEOM FDMS),3,N ugm-3 (TEOM FDMS),3,N ugm-3 (TEOM FDMS),4,N ugm-3 (TEOM FDMS),, ,5,N ugm-3 (TEOM FDMS),3,N ugm-3 (TEOM FDMS),, ,4,N ugm-3 (TEOM FDMS),2,N ugm-3 (TEOM FDMS),4,N ugm-3 (TEOM FDMS),4,N ugm-3 (TEOM FDMS),3,N ugm-3 (TEOM FDMS),4,N ugm-3 (TEOM FDMS)
30/09/2015,4,N ugm-3 (TEOM FDMS),4,N ugm-3 (TEOM FDMS),, ,2,V ugm-3 (TEOM FDMS),4,N ugm-3 (TEOM FDMS),4,N ugm-3 (TEOM FDMS),4,N ugm-3 (TEOM FDMS),2,N ugm-3 (TEOM FDMS),3,N ugm-3 (TEOM FDMS),5,N ugm-3 (TEOM FDMS),3,N ugm-3 (TEOM FDMS),5,N ugm-3 (TEOM FDMS),3,N ugm-3 (TEOM FDMS),5,N ugm-3 (TEOM FDMS),2,N ugm-3 (TEOM FDMS),3,N ugm-3 (TEOM FDMS),4,N ugm-3 (TEOM FDMS),1,N ugm-3 (TEOM FDMS),3,N ugm-3 (TEOM FDMS),3,N ugm-3 (TEOM FDMS),5,N ugm-3 (TEOM FDMS),, ,6,N ugm-3 (TEOM FDMS),3,N ugm-3 (TEOM FDMS),4,N ugm-3 (TEOM FDMS),, ,2,N ugm-3 (TEOM FDMS),3,N ugm-3 (TEOM FDMS),4,N ugm-3 (TEOM FDMS),3,N ugm-3 (TEOM FDMS),4,N ugm-3 (TEOM FDMS)
